Year,Dim,Field Power,XOR,iXOR,XTIME,iXTIME,Alpha,Matrix instanced
2016,2,4,2,8,2,10,2,beierle_2x2
2016,2,8,2,16,2,26,2,beierle_2x2
2016,3,4,6,21,3,21,2,beierle_3x3
2016,3,8,6,39,3,57,2,beierle_3x3
2016,2,4,8,2,10,2,2,beierle_2x2_inv_alpha_2
2016,2,4,6,4,10,2,3,beierle_2x2_inv_alpha_3
2016,2,4,4,2,8,4,4,beierle_2x2_inv_alpha_4
2016,2,4,8,4,8,4,5,beierle_2x2_inv_alpha_5
2016,2,4,6,4,4,4,6,beierle_2x2_inv_alpha_6
2016,2,4,4,6,4,4,7,beierle_2x2_inv_alpha_7
2016,2,4,4,2,8,6,8,beierle_2x2_inv_alpha_8
2016,2,4,6,4,10,6,9,beierle_2x2_inv_alpha_9
2016,2,4,6,4,6,6,10,beierle_2x2_inv_alpha_10
2016,2,4,10,6,8,6,11,beierle_2x2_inv_alpha_11
2016,2,4,8,4,6,6,12,beierle_2x2_inv_alpha_12
2016,2,4,2,6,8,6,13,beierle_2x2_inv_alpha_13
2016,2,4,4,6,10,6,14,beierle_2x2_inv_alpha_14
2016,2,4,6,8,8,6,15,beierle_2x2_inv_alpha_15
2016,2,8,16,2,26,2,2,beierle_2x2_inv_alpha_2
2016,2,8,14,4,26,2,3,beierle_2x2_inv_alpha_3
2016,2,8,16,2,26,4,4,beierle_2x2_inv_alpha_4
2016,2,8,18,4,28,4,5,beierle_2x2_inv_alpha_5
2016,2,8,12,4,24,4,6,beierle_2x2_inv_alpha_6
2016,2,8,12,6,28,4,7,beierle_2x2_inv_alpha_7
2016,2,8,16,2,26,6,8,beierle_2x2_inv_alpha_8
2016,2,8,16,4,24,6,9,beierle_2x2_inv_alpha_9
2016,2,8,16,4,26,6,10,beierle_2x2_inv_alpha_10
2016,2,8,14,6,26,6,11,beierle_2x2_inv_alpha_11
2016,2,8,10,4,24,6,12,beierle_2x2_inv_alpha_12
2016,2,8,8,6,14,6,13,beierle_2x2_inv_alpha_13
2016,2,8,10,6,22,6,14,beierle_2x2_inv_alpha_14
2016,2,8,12,8,28,6,15,beierle_2x2_inv_alpha_15
2016,2,8,10,2,28,8,16,beierle_2x2_inv_alpha_16
2016,2,8,14,4,26,8,17,beierle_2x2_inv_alpha_17
2016,2,8,8,4,28,8,18,beierle_2x2_inv_alpha_18
2016,2,8,18,6,22,8,19,beierle_2x2_inv_alpha_19
2016,2,8,12,4,12,8,20,beierle_2x2_inv_alpha_20
2016,2,8,12,6,26,8,21,beierle_2x2_inv_alpha_21
2016,2,8,18,6,28,8,22,beierle_2x2_inv_alpha_22
2016,2,8,16,8,28,8,23,beierle_2x2_inv_alpha_23
2016,2,8,14,4,26,8,24,beierle_2x2_inv_alpha_24
2016,2,8,14,6,20,8,25,beierle_2x2_inv_alpha_25
2016,2,8,12,6,22,8,26,beierle_2x2_inv_alpha_26
2016,2,8,10,8,28,8,27,beierle_2x2_inv_alpha_27
2016,2,8,12,6,22,8,28,beierle_2x2_inv_alpha_28
2016,2,8,18,8,26,8,29,beierle_2x2_inv_alpha_29
2016,2,8,8,8,18,8,30,beierle_2x2_inv_alpha_30
2016,2,8,10,10,28,8,31,beierle_2x2_inv_alpha_31
2016,2,8,18,2,22,10,32,beierle_2x2_inv_alpha_32
2016,2,8,14,4,28,10,33,beierle_2x2_inv_alpha_33
2016,2,8,8,4,28,10,34,beierle_2x2_inv_alpha_34
2016,2,8,6,6,18,10,35,beierle_2x2_inv_alpha_35
2016,2,8,10,4,28,10,36,beierle_2x2_inv_alpha_36
2016,2,8,18,6,28,10,37,beierle_2x2_inv_alpha_37
2016,2,8,20,6,26,10,38,beierle_2x2_inv_alpha_38
2016,2,8,4,8,16,10,39,beierle_2x2_inv_alpha_39
2016,2,8,12,4,22,10,40,beierle_2x2_inv_alpha_40
2016,2,8,12,6,28,10,41,beierle_2x2_inv_alpha_41
2016,2,8,12,6,28,10,42,beierle_2x2_inv_alpha_42
2016,2,8,12,8,24,10,43,beierle_2x2_inv_alpha_43
2016,2,8,18,6,26,10,44,beierle_2x2_inv_alpha_44
2016,2,8,8,8,24,10,45,beierle_2x2_inv_alpha_45
2016,2,8,16,8,28,10,46,beierle_2x2_inv_alpha_46
2016,2,8,18,10,24,10,47,beierle_2x2_inv_alpha_47
2016,2,8,16,4,26,10,48,beierle_2x2_inv_alpha_48
2016,2,8,14,6,28,10,49,beierle_2x2_inv_alpha_49
2016,2,8,6,6,16,10,50,beierle_2x2_inv_alpha_50
2016,2,8,14,8,28,10,51,beierle_2x2_inv_alpha_51
2016,2,8,14,6,22,10,52,beierle_2x2_inv_alpha_52
2016,2,8,20,8,26,10,53,beierle_2x2_inv_alpha_53
2016,2,8,12,8,28,10,54,beierle_2x2_inv_alpha_54
2016,2,8,16,10,28,10,55,beierle_2x2_inv_alpha_55
2016,2,8,10,6,24,10,56,beierle_2x2_inv_alpha_56
2016,2,8,6,8,28,10,57,beierle_2x2_inv_alpha_57
2016,2,8,14,8,24,10,58,beierle_2x2_inv_alpha_58
2016,2,8,10,10,26,10,59,beierle_2x2_inv_alpha_59
2016,2,8,10,8,24,10,60,beierle_2x2_inv_alpha_60
2016,2,8,8,10,24,10,61,beierle_2x2_inv_alpha_61
2016,2,8,14,10,26,10,62,beierle_2x2_inv_alpha_62
2016,2,8,8,12,14,10,63,beierle_2x2_inv_alpha_63
2016,2,8,14,2,28,12,64,beierle_2x2_inv_alpha_64
2016,2,8,18,4,24,12,65,beierle_2x2_inv_alpha_65
2016,2,8,12,4,18,12,66,beierle_2x2_inv_alpha_66
2016,2,8,20,6,20,12,67,beierle_2x2_inv_alpha_67
2016,2,8,18,4,28,12,68,beierle_2x2_inv_alpha_68
2016,2,8,8,6,20,12,69,beierle_2x2_inv_alpha_69
2016,2,8,4,6,16,12,70,beierle_2x2_inv_alpha_70
2016,2,8,18,8,26,12,71,beierle_2x2_inv_alpha_71
2016,2,8,18,4,26,12,72,beierle_2x2_inv_alpha_72
2016,2,8,14,6,24,12,73,beierle_2x2_inv_alpha_73
2016,2,8,14,6,24,12,74,beierle_2x2_inv_alpha_74
2016,2,8,10,8,18,12,75,beierle_2x2_inv_alpha_75
2016,2,8,16,6,28,12,76,beierle_2x2_inv_alpha_76
2016,2,8,12,8,14,12,77,beierle_2x2_inv_alpha_77
2016,2,8,10,8,20,12,78,beierle_2x2_inv_alpha_78
2016,2,8,16,10,28,12,79,beierle_2x2_inv_alpha_79
2016,2,8,12,4,24,12,80,beierle_2x2_inv_alpha_80
2016,2,8,8,6,18,12,81,beierle_2x2_inv_alpha_81
2016,2,8,16,6,26,12,82,beierle_2x2_inv_alpha_82
2016,2,8,16,8,28,12,83,beierle_2x2_inv_alpha_83
2016,2,8,12,6,24,12,84,beierle_2x2_inv_alpha_84
2016,2,8,10,8,22,12,85,beierle_2x2_inv_alpha_85
2016,2,8,16,8,28,12,86,beierle_2x2_inv_alpha_86
2016,2,8,8,10,24,12,87,beierle_2x2_inv_alpha_87
2016,2,8,20,6,22,12,88,beierle_2x2_inv_alpha_88
2016,2,8,8,8,14,12,89,beierle_2x2_inv_alpha_89
2016,2,8,22,8,28,12,90,beierle_2x2_inv_alpha_90
2016,2,8,12,10,26,12,91,beierle_2x2_inv_alpha_91
2016,2,8,12,8,24,12,92,beierle_2x2_inv_alpha_92
2016,2,8,12,10,22,12,93,beierle_2x2_inv_alpha_93
2016,2,8,14,10,28,12,94,beierle_2x2_inv_alpha_94
2016,2,8,16,12,24,12,95,beierle_2x2_inv_alpha_95
2016,2,8,12,4,28,12,96,beierle_2x2_inv_alpha_96
2016,2,8,6,6,24,12,97,beierle_2x2_inv_alpha_97
2016,2,8,16,6,28,12,98,beierle_2x2_inv_alpha_98
2016,2,8,10,8,26,12,99,beierle_2x2_inv_alpha_99
2016,2,8,12,6,20,12,100,beierle_2x2_inv_alpha_100
2016,2,8,12,8,24,12,101,beierle_2x2_inv_alpha_101
2016,2,8,14,8,28,12,102,beierle_2x2_inv_alpha_102
2016,2,8,10,10,14,12,103,beierle_2x2_inv_alpha_103
2016,2,8,14,6,26,12,104,beierle_2x2_inv_alpha_104
2016,2,8,12,8,28,12,105,beierle_2x2_inv_alpha_105
2016,2,8,20,8,26,12,106,beierle_2x2_inv_alpha_106
2016,2,8,16,10,22,12,107,beierle_2x2_inv_alpha_107
2016,2,8,16,8,22,12,108,beierle_2x2_inv_alpha_108
2016,2,8,12,10,24,12,109,beierle_2x2_inv_alpha_109
2016,2,8,20,10,24,12,110,beierle_2x2_inv_alpha_110
2016,2,8,8,12,16,12,111,beierle_2x2_inv_alpha_111
2016,2,8,10,6,22,12,112,beierle_2x2_inv_alpha_112
2016,2,8,10,8,18,12,113,beierle_2x2_inv_alpha_113
2016,2,8,12,8,26,12,114,beierle_2x2_inv_alpha_114
2016,2,8,10,10,14,12,115,beierle_2x2_inv_alpha_115
2016,2,8,12,8,20,12,116,beierle_2x2_inv_alpha_116
2016,2,8,12,10,16,12,117,beierle_2x2_inv_alpha_117
2016,2,8,16,10,28,12,118,beierle_2x2_inv_alpha_118
2016,2,8,16,12,26,12,119,beierle_2x2_inv_alpha_119
2016,2,8,14,8,28,12,120,beierle_2x2_inv_alpha_120
2016,2,8,14,10,26,12,121,beierle_2x2_inv_alpha_121
2016,2,8,14,10,24,12,122,beierle_2x2_inv_alpha_122
2016,2,8,6,12,16,12,123,beierle_2x2_inv_alpha_123
2016,2,8,12,10,26,12,124,beierle_2x2_inv_alpha_124
2016,2,8,10,12,16,12,125,beierle_2x2_inv_alpha_125
2016,2,8,18,12,22,12,126,beierle_2x2_inv_alpha_126
2016,2,8,16,14,22,12,127,beierle_2x2_inv_alpha_127
2016,2,8,8,2,28,14,128,beierle_2x2_inv_alpha_128
2016,2,8,10,4,24,14,129,beierle_2x2_inv_alpha_129
2016,2,8,10,4,24,14,130,beierle_2x2_inv_alpha_130
2016,2,8,16,6,26,14,131,beierle_2x2_inv_alpha_131
2016,2,8,10,4,26,14,132,beierle_2x2_inv_alpha_132
2016,2,8,12,6,28,14,133,beierle_2x2_inv_alpha_133
2016,2,8,16,6,26,14,134,beierle_2x2_inv_alpha_134
2016,2,8,18,8,26,14,135,beierle_2x2_inv_alpha_135
2016,2,8,12,4,24,14,136,beierle_2x2_inv_alpha_136
2016,2,8,12,6,28,14,137,beierle_2x2_inv_alpha_137
2016,2,8,6,6,16,14,138,beierle_2x2_inv_alpha_138
2016,2,8,10,8,24,14,139,beierle_2x2_inv_alpha_139
2016,2,8,14,6,28,14,140,beierle_2x2_inv_alpha_140
2016,2,8,14,8,28,14,141,beierle_2x2_inv_alpha_141
2016,2,8,14,8,26,14,142,beierle_2x2_inv_alpha_142
2016,2,8,4,10,8,14,143,beierle_2x2_inv_alpha_143
2016,2,8,12,4,26,14,144,beierle_2x2_inv_alpha_144
2016,2,8,14,6,24,14,145,beierle_2x2_inv_alpha_145
2016,2,8,16,6,28,14,146,beierle_2x2_inv_alpha_146
2016,2,8,18,8,28,14,147,beierle_2x2_inv_alpha_147
2016,2,8,12,6,24,14,148,beierle_2x2_inv_alpha_148
2016,2,8,12,8,26,14,149,beierle_2x2_inv_alpha_149
2016,2,8,10,8,28,14,150,beierle_2x2_inv_alpha_150
2016,2,8,14,10,24,14,151,beierle_2x2_inv_alpha_151
2016,2,8,16,6,26,14,152,beierle_2x2_inv_alpha_152
2016,2,8,12,8,24,14,153,beierle_2x2_inv_alpha_153
2016,2,8,12,8,22,14,154,beierle_2x2_inv_alpha_154
2016,2,8,14,10,24,14,155,beierle_2x2_inv_alpha_155
2016,2,8,6,8,24,14,156,beierle_2x2_inv_alpha_156
2016,2,8,18,10,24,14,157,beierle_2x2_inv_alpha_157
2016,2,8,12,10,26,14,158,beierle_2x2_inv_alpha_158
2016,2,8,12,12,20,14,159,beierle_2x2_inv_alpha_159
2016,2,8,14,4,22,14,160,beierle_2x2_inv_alpha_160
2016,2,8,12,6,24,14,161,beierle_2x2_inv_alpha_161
2016,2,8,10,6,20,14,162,beierle_2x2_inv_alpha_162
2016,2,8,14,8,26,14,163,beierle_2x2_inv_alpha_163
2016,2,8,12,6,22,14,164,beierle_2x2_inv_alpha_164
2016,2,8,16,8,24,14,165,beierle_2x2_inv_alpha_165
2016,2,8,6,8,16,14,166,beierle_2x2_inv_alpha_166
2016,2,8,20,10,28,14,167,beierle_2x2_inv_alpha_167
2016,2,8,12,6,18,14,168,beierle_2x2_inv_alpha_168
2016,2,8,8,8,26,14,169,beierle_2x2_inv_alpha_169
2016,2,8,10,8,14,14,170,beierle_2x2_inv_alpha_170
2016,2,8,12,10,24,14,171,beierle_2x2_inv_alpha_171
2016,2,8,4,8,24,14,172,beierle_2x2_inv_alpha_172
2016,2,8,14,10,26,14,173,beierle_2x2_inv_alpha_173
2016,2,8,18,10,26,14,174,beierle_2x2_inv_alpha_174
2016,2,8,10,12,24,14,175,beierle_2x2_inv_alpha_175
2016,2,8,20,6,26,14,176,beierle_2x2_inv_alpha_176
2016,2,8,6,8,18,14,177,beierle_2x2_inv_alpha_177
2016,2,8,20,8,28,14,178,beierle_2x2_inv_alpha_178
2016,2,8,14,10,22,14,179,beierle_2x2_inv_alpha_179
2016,2,8,12,8,26,14,180,beierle_2x2_inv_alpha_180
2016,2,8,14,10,18,14,181,beierle_2x2_inv_alpha_181
2016,2,8,14,10,24,14,182,beierle_2x2_inv_alpha_182
2016,2,8,12,12,24,14,183,beierle_2x2_inv_alpha_183
2016,2,8,16,8,28,14,184,beierle_2x2_inv_alpha_184
2016,2,8,14,10,20,14,185,beierle_2x2_inv_alpha_185
2016,2,8,14,10,28,14,186,beierle_2x2_inv_alpha_186
2016,2,8,8,12,16,14,187,beierle_2x2_inv_alpha_187
2016,2,8,10,10,26,14,188,beierle_2x2_inv_alpha_188
2016,2,8,14,12,22,14,189,beierle_2x2_inv_alpha_189
2016,2,8,16,12,26,14,190,beierle_2x2_inv_alpha_190
2016,2,8,16,14,24,14,191,beierle_2x2_inv_alpha_191
2016,2,8,10,4,28,14,192,beierle_2x2_inv_alpha_192
2016,2,8,10,6,14,14,193,beierle_2x2_inv_alpha_193
2016,2,8,14,6,24,14,194,beierle_2x2_inv_alpha_194
2016,2,8,18,8,26,14,195,beierle_2x2_inv_alpha_195
2016,2,8,10,6,24,14,196,beierle_2x2_inv_alpha_196
2016,2,8,14,8,28,14,197,beierle_2x2_inv_alpha_197
2016,2,8,12,8,26,14,198,beierle_2x2_inv_alpha_198
2016,2,8,10,10,26,14,199,beierle_2x2_inv_alpha_199
2016,2,8,12,6,26,14,200,beierle_2x2_inv_alpha_200
2016,2,8,14,8,22,14,201,beierle_2x2_inv_alpha_201
2016,2,8,14,8,28,14,202,beierle_2x2_inv_alpha_202
2016,2,8,24,10,28,14,203,beierle_2x2_inv_alpha_203
2016,2,8,14,8,28,14,204,beierle_2x2_inv_alpha_204
2016,2,8,8,10,16,14,205,beierle_2x2_inv_alpha_205
2016,2,8,14,10,18,14,206,beierle_2x2_inv_alpha_206
2016,2,8,16,12,24,14,207,beierle_2x2_inv_alpha_207
2016,2,8,14,6,28,14,208,beierle_2x2_inv_alpha_208
2016,2,8,12,8,18,14,209,beierle_2x2_inv_alpha_209
2016,2,8,14,8,26,14,210,beierle_2x2_inv_alpha_210
2016,2,8,16,10,26,14,211,beierle_2x2_inv_alpha_211
2016,2,8,12,8,28,14,212,beierle_2x2_inv_alpha_212
2016,2,8,18,10,20,14,213,beierle_2x2_inv_alpha_213
2016,2,8,12,10,14,14,214,beierle_2x2_inv_alpha_214
2016,2,8,10,12,14,14,215,beierle_2x2_inv_alpha_215
2016,2,8,12,8,28,14,216,beierle_2x2_inv_alpha_216
2016,2,8,12,10,14,14,217,beierle_2x2_inv_alpha_217
2016,2,8,14,10,28,14,218,beierle_2x2_inv_alpha_218
2016,2,8,12,12,28,14,219,beierle_2x2_inv_alpha_219
2016,2,8,10,10,24,14,220,beierle_2x2_inv_alpha_220
2016,2,8,18,12,26,14,221,beierle_2x2_inv_alpha_221
2016,2,8,16,12,20,14,222,beierle_2x2_inv_alpha_222
2016,2,8,12,14,24,14,223,beierle_2x2_inv_alpha_223
2016,2,8,10,6,12,14,224,beierle_2x2_inv_alpha_224
2016,2,8,10,8,14,14,225,beierle_2x2_inv_alpha_225
2016,2,8,18,8,26,14,226,beierle_2x2_inv_alpha_226
2016,2,8,16,10,26,14,227,beierle_2x2_inv_alpha_227
2016,2,8,18,8,26,14,228,beierle_2x2_inv_alpha_228
2016,2,8,8,10,18,14,229,beierle_2x2_inv_alpha_229
2016,2,8,16,10,26,14,230,beierle_2x2_inv_alpha_230
2016,2,8,14,12,26,14,231,beierle_2x2_inv_alpha_231
2016,2,8,10,8,28,14,232,beierle_2x2_inv_alpha_232
2016,2,8,14,10,20,14,233,beierle_2x2_inv_alpha_233
2016,2,8,18,10,26,14,234,beierle_2x2_inv_alpha_234
2016,2,8,10,12,26,14,235,beierle_2x2_inv_alpha_235
2016,2,8,14,10,24,14,236,beierle_2x2_inv_alpha_236
2016,2,8,12,12,28,14,237,beierle_2x2_inv_alpha_237
2016,2,8,22,12,28,14,238,beierle_2x2_inv_alpha_238
2016,2,8,18,14,26,14,239,beierle_2x2_inv_alpha_239
2016,2,8,18,8,26,14,240,beierle_2x2_inv_alpha_240
2016,2,8,16,10,26,14,241,beierle_2x2_inv_alpha_241
2016,2,8,12,10,18,14,242,beierle_2x2_inv_alpha_242
2016,2,8,20,12,26,14,243,beierle_2x2_inv_alpha_243
2016,2,8,12,10,26,14,244,beierle_2x2_inv_alpha_244
2016,2,8,6,12,8,14,245,beierle_2x2_inv_alpha_245
2016,2,8,18,12,26,14,246,beierle_2x2_inv_alpha_246
2016,2,8,12,14,22,14,247,beierle_2x2_inv_alpha_247
2016,2,8,14,10,18,14,248,beierle_2x2_inv_alpha_248
2016,2,8,14,12,28,14,249,beierle_2x2_inv_alpha_249
2016,2,8,12,12,28,14,250,beierle_2x2_inv_alpha_250
2016,2,8,10,14,16,14,251,beierle_2x2_inv_alpha_251
2016,2,8,14,12,22,14,252,beierle_2x2_inv_alpha_252
2016,2,8,16,14,28,14,253,beierle_2x2_inv_alpha_253
2016,2,8,16,14,22,14,254,beierle_2x2_inv_alpha_254
2016,2,8,14,16,28,14,255,beierle_2x2_inv_alpha_255
2016,3,4,21,6,21,3,2,beierle_3x3_inv_alpha_2
2016,3,4,24,9,21,3,3,beierle_3x3_inv_alpha_3
2016,3,4,18,6,21,6,4,beierle_3x3_inv_alpha_4
2016,3,4,18,9,21,6,5,beierle_3x3_inv_alpha_5
2016,3,4,12,9,6,6,6,beierle_3x3_inv_alpha_6
2016,3,4,9,12,6,6,7,beierle_3x3_inv_alpha_7
2016,3,4,27,6,27,9,8,beierle_3x3_inv_alpha_8
2016,3,4,18,9,21,9,9,beierle_3x3_inv_alpha_9
2016,3,4,15,9,27,9,10,beierle_3x3_inv_alpha_10
2016,3,4,15,12,24,9,11,beierle_3x3_inv_alpha_11
2016,3,4,21,9,27,9,12,beierle_3x3_inv_alpha_12
2016,3,4,18,12,24,9,13,beierle_3x3_inv_alpha_13
2016,3,4,21,12,21,9,14,beierle_3x3_inv_alpha_14
2016,3,4,18,15,27,9,15,beierle_3x3_inv_alpha_15
2016,3,8,39,6,57,3,2,beierle_3x3_inv_alpha_2
2016,3,8,42,9,57,3,3,beierle_3x3_inv_alpha_3
2016,3,8,27,6,60,6,4,beierle_3x3_inv_alpha_4
2016,3,8,30,9,63,6,5,beierle_3x3_inv_alpha_5
2016,3,8,24,9,60,6,6,beierle_3x3_inv_alpha_6
2016,3,8,24,12,63,6,7,beierle_3x3_inv_alpha_7
2016,3,8,24,6,51,9,8,beierle_3x3_inv_alpha_8
2016,3,8,24,9,51,9,9,beierle_3x3_inv_alpha_9
2016,3,8,33,9,57,9,10,beierle_3x3_inv_alpha_10
2016,3,8,24,12,57,9,11,beierle_3x3_inv_alpha_11
2016,3,8,42,9,57,9,12,beierle_3x3_inv_alpha_12
2016,3,8,39,12,63,9,13,beierle_3x3_inv_alpha_13
2016,3,8,42,12,60,9,14,beierle_3x3_inv_alpha_14
2016,3,8,39,15,63,9,15,beierle_3x3_inv_alpha_15
2016,3,8,33,6,63,12,16,beierle_3x3_inv_alpha_16
2016,3,8,33,9,60,12,17,beierle_3x3_inv_alpha_17
2016,3,8,21,9,63,12,18,beierle_3x3_inv_alpha_18
2016,3,8,24,12,60,12,19,beierle_3x3_inv_alpha_19
2016,3,8,42,9,63,12,20,beierle_3x3_inv_alpha_20
2016,3,8,48,12,57,12,21,beierle_3x3_inv_alpha_21
2016,3,8,24,12,48,12,22,beierle_3x3_inv_alpha_22
2016,3,8,27,15,48,12,23,beierle_3x3_inv_alpha_23
2016,3,8,27,9,57,12,24,beierle_3x3_inv_alpha_24
2016,3,8,39,12,57,12,25,beierle_3x3_inv_alpha_25
2016,3,8,39,12,60,12,26,beierle_3x3_inv_alpha_26
2016,3,8,30,15,63,12,27,beierle_3x3_inv_alpha_27
2016,3,8,21,12,51,12,28,beierle_3x3_inv_alpha_28
2016,3,8,24,15,51,12,29,beierle_3x3_inv_alpha_29
2016,3,8,27,15,54,12,30,beierle_3x3_inv_alpha_30
2016,3,8,24,18,51,12,31,beierle_3x3_inv_alpha_31
2016,3,8,21,6,60,15,32,beierle_3x3_inv_alpha_32
2016,3,8,27,9,63,15,33,beierle_3x3_inv_alpha_33
2016,3,8,27,9,51,15,34,beierle_3x3_inv_alpha_34
2016,3,8,24,12,54,15,35,beierle_3x3_inv_alpha_35
2016,3,8,27,9,48,15,36,beierle_3x3_inv_alpha_36
2016,3,8,33,12,48,15,37,beierle_3x3_inv_alpha_37
2016,3,8,30,12,57,15,38,beierle_3x3_inv_alpha_38
2016,3,8,30,15,63,15,39,beierle_3x3_inv_alpha_39
2016,3,8,18,9,60,15,40,beierle_3x3_inv_alpha_40
2016,3,8,18,12,63,15,41,beierle_3x3_inv_alpha_41
2016,3,8,36,12,48,15,42,beierle_3x3_inv_alpha_42
2016,3,8,30,15,54,15,43,beierle_3x3_inv_alpha_43
2016,3,8,36,12,57,15,44,beierle_3x3_inv_alpha_44
2016,3,8,39,15,63,15,45,beierle_3x3_inv_alpha_45
2016,3,8,39,15,51,15,46,beierle_3x3_inv_alpha_46
2016,3,8,42,18,54,15,47,beierle_3x3_inv_alpha_47
2016,3,8,21,9,60,15,48,beierle_3x3_inv_alpha_48
2016,3,8,24,12,63,15,49,beierle_3x3_inv_alpha_49
2016,3,8,27,12,54,15,50,beierle_3x3_inv_alpha_50
2016,3,8,21,15,51,15,51,beierle_3x3_inv_alpha_51
2016,3,8,36,12,57,15,52,beierle_3x3_inv_alpha_52
2016,3,8,39,15,57,15,53,beierle_3x3_inv_alpha_53
2016,3,8,24,15,42,15,54,beierle_3x3_inv_alpha_54
2016,3,8,36,18,42,15,55,beierle_3x3_inv_alpha_55
2016,3,8,27,12,54,15,56,beierle_3x3_inv_alpha_56
2016,3,8,27,15,51,15,57,beierle_3x3_inv_alpha_57
2016,3,8,39,15,57,15,58,beierle_3x3_inv_alpha_58
2016,3,8,33,18,57,15,59,beierle_3x3_inv_alpha_59
2016,3,8,42,15,63,15,60,beierle_3x3_inv_alpha_60
2016,3,8,33,18,51,15,61,beierle_3x3_inv_alpha_61
2016,3,8,36,18,54,15,62,beierle_3x3_inv_alpha_62
2016,3,8,39,21,63,15,63,beierle_3x3_inv_alpha_63
2016,3,8,33,6,51,18,64,beierle_3x3_inv_alpha_64
2016,3,8,39,9,54,18,65,beierle_3x3_inv_alpha_65
2016,3,8,36,9,51,18,66,beierle_3x3_inv_alpha_66
2016,3,8,36,12,51,18,67,beierle_3x3_inv_alpha_67
2016,3,8,36,9,63,18,68,beierle_3x3_inv_alpha_68
2016,3,8,39,12,60,18,69,beierle_3x3_inv_alpha_69
2016,3,8,27,12,63,18,70,beierle_3x3_inv_alpha_70
2016,3,8,18,15,48,18,71,beierle_3x3_inv_alpha_71
2016,3,8,27,9,57,18,72,beierle_3x3_inv_alpha_72
2016,3,8,27,12,63,18,73,beierle_3x3_inv_alpha_73
2016,3,8,33,12,45,18,74,beierle_3x3_inv_alpha_74
2016,3,8,33,15,42,18,75,beierle_3x3_inv_alpha_75
2016,3,8,30,12,48,18,76,beierle_3x3_inv_alpha_76
2016,3,8,36,15,54,18,77,beierle_3x3_inv_alpha_77
2016,3,8,36,15,60,18,78,beierle_3x3_inv_alpha_78
2016,3,8,39,18,63,18,79,beierle_3x3_inv_alpha_79
2016,3,8,30,9,39,18,80,beierle_3x3_inv_alpha_80
2016,3,8,30,12,39,18,81,beierle_3x3_inv_alpha_81
2016,3,8,30,12,60,18,82,beierle_3x3_inv_alpha_82
2016,3,8,30,15,63,18,83,beierle_3x3_inv_alpha_83
2016,3,8,33,12,63,18,84,beierle_3x3_inv_alpha_84
2016,3,8,36,15,54,18,85,beierle_3x3_inv_alpha_85
2016,3,8,18,15,51,18,86,beierle_3x3_inv_alpha_86
2016,3,8,18,18,54,18,87,beierle_3x3_inv_alpha_87
2016,3,8,30,12,54,18,88,beierle_3x3_inv_alpha_88
2016,3,8,30,15,63,18,89,beierle_3x3_inv_alpha_89
2016,3,8,30,15,63,18,90,beierle_3x3_inv_alpha_90
2016,3,8,27,18,60,18,91,beierle_3x3_inv_alpha_91
2016,3,8,36,15,63,18,92,beierle_3x3_inv_alpha_92
2016,3,8,30,18,51,18,93,beierle_3x3_inv_alpha_93
2016,3,8,42,18,51,18,94,beierle_3x3_inv_alpha_94
2016,3,8,33,21,54,18,95,beierle_3x3_inv_alpha_95
2016,3,8,33,9,51,18,96,beierle_3x3_inv_alpha_96
2016,3,8,42,12,54,18,97,beierle_3x3_inv_alpha_97
2016,3,8,27,12,63,18,98,beierle_3x3_inv_alpha_98
2016,3,8,30,15,60,18,99,beierle_3x3_inv_alpha_99
2016,3,8,48,12,57,18,100,beierle_3x3_inv_alpha_100
2016,3,8,42,15,57,18,101,beierle_3x3_inv_alpha_101
2016,3,8,33,15,48,18,102,beierle_3x3_inv_alpha_102
2016,3,8,33,18,54,18,103,beierle_3x3_inv_alpha_103
2016,3,8,48,12,60,18,104,beierle_3x3_inv_alpha_104
2016,3,8,51,15,63,18,105,beierle_3x3_inv_alpha_105
2016,3,8,42,15,57,18,106,beierle_3x3_inv_alpha_106
2016,3,8,36,18,57,18,107,beierle_3x3_inv_alpha_107
2016,3,8,24,15,57,18,108,beierle_3x3_inv_alpha_108
2016,3,8,36,18,63,18,109,beierle_3x3_inv_alpha_109
2016,3,8,36,18,39,18,110,beierle_3x3_inv_alpha_110
2016,3,8,30,21,39,18,111,beierle_3x3_inv_alpha_111
2016,3,8,39,12,57,18,112,beierle_3x3_inv_alpha_112
2016,3,8,45,15,63,18,113,beierle_3x3_inv_alpha_113
2016,3,8,21,15,54,18,114,beierle_3x3_inv_alpha_114
2016,3,8,30,18,63,18,115,beierle_3x3_inv_alpha_115
2016,3,8,24,15,45,18,116,beierle_3x3_inv_alpha_116
2016,3,8,30,18,45,18,117,beierle_3x3_inv_alpha_117
2016,3,8,36,18,63,18,118,beierle_3x3_inv_alpha_118
2016,3,8,36,21,60,18,119,beierle_3x3_inv_alpha_119
2016,3,8,39,15,63,18,120,beierle_3x3_inv_alpha_120
2016,3,8,39,18,60,18,121,beierle_3x3_inv_alpha_121
2016,3,8,39,18,48,18,122,beierle_3x3_inv_alpha_122
2016,3,8,51,21,63,18,123,beierle_3x3_inv_alpha_123
2016,3,8,21,18,57,18,124,beierle_3x3_inv_alpha_124
2016,3,8,30,21,57,18,125,beierle_3x3_inv_alpha_125
2016,3,8,24,21,27,18,126,beierle_3x3_inv_alpha_126
2016,3,8,21,24,27,18,127,beierle_3x3_inv_alpha_127
2016,3,8,39,6,48,21,128,beierle_3x3_inv_alpha_128
2016,3,8,36,9,54,21,129,beierle_3x3_inv_alpha_129
2016,3,8,36,9,63,21,130,beierle_3x3_inv_alpha_130
2016,3,8,39,12,54,21,131,beierle_3x3_inv_alpha_131
2016,3,8,30,9,60,21,132,beierle_3x3_inv_alpha_132
2016,3,8,27,12,63,21,133,beierle_3x3_inv_alpha_133
2016,3,8,27,12,57,21,134,beierle_3x3_inv_alpha_134
2016,3,8,24,15,57,21,135,beierle_3x3_inv_alpha_135
2016,3,8,30,9,54,21,136,beierle_3x3_inv_alpha_136
2016,3,8,30,12,51,21,137,beierle_3x3_inv_alpha_137
2016,3,8,21,12,33,21,138,beierle_3x3_inv_alpha_138
2016,3,8,21,15,33,21,139,beierle_3x3_inv_alpha_139
2016,3,8,33,12,48,21,140,beierle_3x3_inv_alpha_140
2016,3,8,33,15,48,21,141,beierle_3x3_inv_alpha_141
2016,3,8,42,15,45,21,142,beierle_3x3_inv_alpha_142
2016,3,8,57,18,63,21,143,beierle_3x3_inv_alpha_143
2016,3,8,33,9,54,21,144,beierle_3x3_inv_alpha_144
2016,3,8,48,12,63,21,145,beierle_3x3_inv_alpha_145
2016,3,8,21,12,36,21,146,beierle_3x3_inv_alpha_146
2016,3,8,30,15,36,21,147,beierle_3x3_inv_alpha_147
2016,3,8,36,12,51,21,148,beierle_3x3_inv_alpha_148
2016,3,8,36,15,51,21,149,beierle_3x3_inv_alpha_149
2016,3,8,33,15,45,21,150,beierle_3x3_inv_alpha_150
2016,3,8,33,18,54,21,151,beierle_3x3_inv_alpha_151
2016,3,8,42,12,51,21,152,beierle_3x3_inv_alpha_152
2016,3,8,48,15,63,21,153,beierle_3x3_inv_alpha_153
2016,3,8,33,15,51,21,154,beierle_3x3_inv_alpha_154
2016,3,8,24,18,51,21,155,beierle_3x3_inv_alpha_155
2016,3,8,33,15,63,21,156,beierle_3x3_inv_alpha_156
2016,3,8,27,18,51,21,157,beierle_3x3_inv_alpha_157
2016,3,8,36,18,57,21,158,beierle_3x3_inv_alpha_158
2016,3,8,30,21,57,21,159,beierle_3x3_inv_alpha_159
2016,3,8,36,9,54,21,160,beierle_3x3_inv_alpha_160
2016,3,8,33,12,63,21,161,beierle_3x3_inv_alpha_161
2016,3,8,39,12,57,21,162,beierle_3x3_inv_alpha_162
2016,3,8,33,15,57,21,163,beierle_3x3_inv_alpha_163
2016,3,8,42,12,57,21,164,beierle_3x3_inv_alpha_164
2016,3,8,42,15,63,21,165,beierle_3x3_inv_alpha_165
2016,3,8,24,15,54,21,166,beierle_3x3_inv_alpha_166
2016,3,8,21,18,42,21,167,beierle_3x3_inv_alpha_167
2016,3,8,48,12,63,21,168,beierle_3x3_inv_alpha_168
2016,3,8,48,15,57,21,169,beierle_3x3_inv_alpha_169
2016,3,8,24,15,39,21,170,beierle_3x3_inv_alpha_170
2016,3,8,27,18,45,21,171,beierle_3x3_inv_alpha_171
2016,3,8,27,15,63,21,172,beierle_3x3_inv_alpha_172
2016,3,8,18,18,51,21,173,beierle_3x3_inv_alpha_173
2016,3,8,27,18,39,21,174,beierle_3x3_inv_alpha_174
2016,3,8,27,21,39,21,175,beierle_3x3_inv_alpha_175
2016,3,8,27,12,57,21,176,beierle_3x3_inv_alpha_176
2016,3,8,30,15,57,21,177,beierle_3x3_inv_alpha_177
2016,3,8,33,15,63,21,178,beierle_3x3_inv_alpha_178
2016,3,8,30,18,60,21,179,beierle_3x3_inv_alpha_179
2016,3,8,33,15,45,21,180,beierle_3x3_inv_alpha_180
2016,3,8,30,18,45,21,181,beierle_3x3_inv_alpha_181
2016,3,8,24,18,45,21,182,beierle_3x3_inv_alpha_182
2016,3,8,21,21,45,21,183,beierle_3x3_inv_alpha_183
2016,3,8,27,15,63,21,184,beierle_3x3_inv_alpha_184
2016,3,8,24,18,60,21,185,beierle_3x3_inv_alpha_185
2016,3,8,36,18,42,21,186,beierle_3x3_inv_alpha_186
2016,3,8,45,21,54,21,187,beierle_3x3_inv_alpha_187
2016,3,8,33,18,39,21,188,beierle_3x3_inv_alpha_188
2016,3,8,33,21,39,21,189,beierle_3x3_inv_alpha_189
2016,3,8,24,21,45,21,190,beierle_3x3_inv_alpha_190
2016,3,8,24,24,45,21,191,beierle_3x3_inv_alpha_191
2016,3,8,27,9,48,21,192,beierle_3x3_inv_alpha_192
2016,3,8,33,12,54,21,193,beierle_3x3_inv_alpha_193
2016,3,8,21,12,63,21,194,beierle_3x3_inv_alpha_194
2016,3,8,21,15,57,21,195,beierle_3x3_inv_alpha_195
2016,3,8,45,12,60,21,196,beierle_3x3_inv_alpha_196
2016,3,8,45,15,63,21,197,beierle_3x3_inv_alpha_197
2016,3,8,39,15,51,21,198,beierle_3x3_inv_alpha_198
2016,3,8,42,18,51,21,199,beierle_3x3_inv_alpha_199
2016,3,8,27,12,51,21,200,beierle_3x3_inv_alpha_200
2016,3,8,36,15,51,21,201,beierle_3x3_inv_alpha_201
2016,3,8,24,15,48,21,202,beierle_3x3_inv_alpha_202
2016,3,8,27,18,48,21,203,beierle_3x3_inv_alpha_203
2016,3,8,36,15,63,21,204,beierle_3x3_inv_alpha_204
2016,3,8,45,18,60,21,205,beierle_3x3_inv_alpha_205
2016,3,8,24,18,63,21,206,beierle_3x3_inv_alpha_206
2016,3,8,27,21,57,21,207,beierle_3x3_inv_alpha_207
2016,3,8,24,12,51,21,208,beierle_3x3_inv_alpha_208
2016,3,8,27,15,54,21,209,beierle_3x3_inv_alpha_209
2016,3,8,36,15,51,21,210,beierle_3x3_inv_alpha_210
2016,3,8,45,18,51,21,211,beierle_3x3_inv_alpha_211
2016,3,8,45,15,63,21,212,beierle_3x3_inv_alpha_212
2016,3,8,36,18,60,21,213,beierle_3x3_inv_alpha_213
2016,3,8,21,18,21,21,214,beierle_3x3_inv_alpha_214
2016,3,8,18,21,21,21,215,beierle_3x3_inv_alpha_215
2016,3,8,24,15,48,21,216,beierle_3x3_inv_alpha_216
2016,3,8,36,18,54,21,217,beierle_3x3_inv_alpha_217
2016,3,8,30,18,36,21,218,beierle_3x3_inv_alpha_218
2016,3,8,27,21,36,21,219,beierle_3x3_inv_alpha_219
2016,3,8,33,18,63,21,220,beierle_3x3_inv_alpha_220
2016,3,8,27,21,51,21,221,beierle_3x3_inv_alpha_221
2016,3,8,18,21,54,21,222,beierle_3x3_inv_alpha_222
2016,3,8,18,24,63,21,223,beierle_3x3_inv_alpha_223
2016,3,8,27,12,42,21,224,beierle_3x3_inv_alpha_224
2016,3,8,39,15,45,21,225,beierle_3x3_inv_alpha_225
2016,3,8,30,15,45,21,226,beierle_3x3_inv_alpha_226
2016,3,8,27,18,45,21,227,beierle_3x3_inv_alpha_227
2016,3,8,36,15,51,21,228,beierle_3x3_inv_alpha_228
2016,3,8,39,18,51,21,229,beierle_3x3_inv_alpha_229
2016,3,8,27,18,45,21,230,beierle_3x3_inv_alpha_230
2016,3,8,30,21,45,21,231,beierle_3x3_inv_alpha_231
2016,3,8,39,15,63,21,232,beierle_3x3_inv_alpha_232
2016,3,8,33,18,60,21,233,beierle_3x3_inv_alpha_233
2016,3,8,39,18,57,21,234,beierle_3x3_inv_alpha_234
2016,3,8,33,21,57,21,235,beierle_3x3_inv_alpha_235
2016,3,8,30,18,54,21,236,beierle_3x3_inv_alpha_236
2016,3,8,21,21,51,21,237,beierle_3x3_inv_alpha_237
2016,3,8,33,21,63,21,238,beierle_3x3_inv_alpha_238
2016,3,8,33,24,60,21,239,beierle_3x3_inv_alpha_239
2016,3,8,18,15,33,21,240,beierle_3x3_inv_alpha_240
2016,3,8,21,18,33,21,241,beierle_3x3_inv_alpha_241
2016,3,8,48,18,57,21,242,beierle_3x3_inv_alpha_242
2016,3,8,48,21,57,21,243,beierle_3x3_inv_alpha_243
2016,3,8,21,18,45,21,244,beierle_3x3_inv_alpha_244
2016,3,8,30,21,63,21,245,beierle_3x3_inv_alpha_245
2016,3,8,30,21,45,21,246,beierle_3x3_inv_alpha_246
2016,3,8,27,24,45,21,247,beierle_3x3_inv_alpha_247
2016,3,8,27,18,60,21,248,beierle_3x3_inv_alpha_248
2016,3,8,33,21,63,21,249,beierle_3x3_inv_alpha_249
2016,3,8,39,21,63,21,250,beierle_3x3_inv_alpha_250
2016,3,8,42,24,60,21,251,beierle_3x3_inv_alpha_251
2016,3,8,24,21,60,21,252,beierle_3x3_inv_alpha_252
2016,3,8,27,24,63,21,253,beierle_3x3_inv_alpha_253
2016,3,8,33,24,60,21,254,beierle_3x3_inv_alpha_254
2016,3,8,36,27,63,21,255,beierle_3x3_inv_alpha_255
2016,4,4,20,24,16,24,2,beierle_4x4_alpha_2
2016,4,4,24,28,16,24,3,beierle_4x4_alpha_3
2016,4,4,20,28,20,28,4,beierle_4x4_alpha_4
2016,4,4,20,28,20,28,5,beierle_4x4_alpha_5
2016,4,4,16,32,20,40,9,beierle_4x4_alpha_9
2016,4,4,20,24,16,40,11,beierle_4x4_alpha_11
2016,4,4,24,36,16,40,13,beierle_4x4_alpha_13
2016,4,4,24,44,20,40,14,beierle_4x4_alpha_14
2016,4,8,24,60,28,100,2,beierle_4x4_alpha_2
2016,4,8,32,56,32,84,3,beierle_4x4_alpha_3
2016,4,8,24,68,36,96,4,beierle_4x4_alpha_4
2016,4,8,28,48,32,84,5,beierle_4x4_alpha_5
2016,4,8,24,52,36,84,6,beierle_4x4_alpha_6
2016,4,8,36,76,28,112,7,beierle_4x4_alpha_7
2016,4,8,24,72,32,112,8,beierle_4x4_alpha_8
2016,4,8,36,80,36,112,9,beierle_4x4_alpha_9
2016,4,8,32,60,36,92,11,beierle_4x4_alpha_11
2016,4,8,24,56,32,84,12,beierle_4x4_alpha_12
2016,4,8,28,52,32,96,13,beierle_4x4_alpha_13
2016,4,8,24,60,40,104,14,beierle_4x4_alpha_14
2016,4,8,32,64,28,96,15,beierle_4x4_alpha_15
2016,4,8,20,48,44,100,16,beierle_4x4_alpha_16
2016,4,8,20,48,44,88,17,beierle_4x4_alpha_17
2016,4,8,36,64,44,104,18,beierle_4x4_alpha_18
2016,4,8,24,68,44,104,19,beierle_4x4_alpha_19
2016,4,8,28,56,44,96,20,beierle_4x4_alpha_20
2016,4,8,36,72,36,112,21,beierle_4x4_alpha_21
2016,4,8,36,68,44,104,22,beierle_4x4_alpha_22
2016,4,8,40,88,44,112,23,beierle_4x4_alpha_23
2016,4,8,24,72,28,112,24,beierle_4x4_alpha_24
2016,4,8,36,56,44,100,25,beierle_4x4_alpha_25
2016,4,8,28,60,44,104,26,beierle_4x4_alpha_26
2016,4,8,32,56,32,100,27,beierle_4x4_alpha_27
2016,4,8,36,60,40,88,28,beierle_4x4_alpha_28
2016,4,8,32,48,32,76,29,beierle_4x4_alpha_29
2016,4,8,28,52,44,104,30,beierle_4x4_alpha_30
2016,4,8,32,48,36,92,31,beierle_4x4_alpha_31
2016,4,8,28,56,48,96,32,beierle_4x4_alpha_32
2016,4,8,40,56,48,104,33,beierle_4x4_alpha_33
2016,4,8,20,36,40,72,34,beierle_4x4_alpha_34
2016,4,8,32,56,48,108,35,beierle_4x4_alpha_35
2016,4,8,32,68,48,100,36,beierle_4x4_alpha_36
2016,4,8,28,60,48,104,37,beierle_4x4_alpha_37
2016,4,8,24,44,40,84,38,beierle_4x4_alpha_38
2016,4,8,40,52,44,88,39,beierle_4x4_alpha_39
2016,4,8,24,52,48,92,40,beierle_4x4_alpha_40
2016,4,8,32,52,48,84,41,beierle_4x4_alpha_41
2016,4,8,24,60,44,100,42,beierle_4x4_alpha_42
2016,4,8,32,44,48,96,43,beierle_4x4_alpha_43
2016,4,8,24,64,44,112,44,beierle_4x4_alpha_44
2016,4,8,36,52,44,96,45,beierle_4x4_alpha_45
2016,4,8,36,64,44,104,46,beierle_4x4_alpha_46
2016,4,8,48,44,48,96,47,beierle_4x4_alpha_47
2016,4,8,28,52,48,72,48,beierle_4x4_alpha_48
2016,4,8,28,64,44,104,49,beierle_4x4_alpha_49
2016,4,8,36,56,48,112,50,beierle_4x4_alpha_50
2016,4,8,24,72,40,96,51,beierle_4x4_alpha_51
2016,4,8,40,56,44,84,52,beierle_4x4_alpha_52
2016,4,8,44,60,48,96,53,beierle_4x4_alpha_53
2016,4,8,40,48,48,88,54,beierle_4x4_alpha_54
2016,4,8,32,64,48,104,55,beierle_4x4_alpha_55
2016,4,8,28,36,48,92,56,beierle_4x4_alpha_56
2016,4,8,32,68,44,80,57,beierle_4x4_alpha_57
2016,4,8,36,80,48,92,58,beierle_4x4_alpha_58
2016,4,8,36,56,40,100,59,beierle_4x4_alpha_59
2016,4,8,28,68,40,112,60,beierle_4x4_alpha_60
2016,4,8,32,48,44,92,61,beierle_4x4_alpha_61
2016,4,8,32,68,32,80,62,beierle_4x4_alpha_62
2016,4,8,48,72,48,108,63,beierle_4x4_alpha_63
2016,4,8,32,60,48,92,64,beierle_4x4_alpha_64
2016,4,8,24,84,52,112,65,beierle_4x4_alpha_65
2016,4,8,40,64,52,108,66,beierle_4x4_alpha_66
2016,4,8,32,64,52,84,67,beierle_4x4_alpha_67
2016,4,8,32,68,52,108,69,beierle_4x4_alpha_69
2016,4,8,36,68,48,108,70,beierle_4x4_alpha_70
2016,4,8,24,64,40,92,71,beierle_4x4_alpha_71
2016,4,8,28,52,48,108,72,beierle_4x4_alpha_72
2016,4,8,32,60,48,104,73,beierle_4x4_alpha_73
2016,4,8,28,76,44,104,74,beierle_4x4_alpha_74
2016,4,8,32,60,48,104,75,beierle_4x4_alpha_75
2016,4,8,24,52,36,88,76,beierle_4x4_alpha_76
2016,4,8,36,68,52,104,77,beierle_4x4_alpha_77
2016,4,8,40,60,52,80,78,beierle_4x4_alpha_78
2016,4,8,36,56,36,64,79,beierle_4x4_alpha_79
2016,4,8,24,68,44,104,80,beierle_4x4_alpha_80
2016,4,8,32,76,48,100,81,beierle_4x4_alpha_81
2016,4,8,40,60,52,112,82,beierle_4x4_alpha_82
2016,4,8,32,60,48,92,83,beierle_4x4_alpha_83
2016,4,8,24,76,40,96,84,beierle_4x4_alpha_84
2016,4,8,36,64,48,100,85,beierle_4x4_alpha_85
2016,4,8,36,68,48,112,86,beierle_4x4_alpha_86
2016,4,8,40,68,52,84,87,beierle_4x4_alpha_87
2016,4,8,24,60,40,112,88,beierle_4x4_alpha_88
2016,4,8,48,76,52,108,89,beierle_4x4_alpha_89
2016,4,8,40,44,52,104,90,beierle_4x4_alpha_90
2016,4,8,44,72,52,108,91,beierle_4x4_alpha_91
2016,4,8,36,56,40,100,92,beierle_4x4_alpha_92
2016,4,8,36,80,48,104,93,beierle_4x4_alpha_93
2016,4,8,44,68,48,104,94,beierle_4x4_alpha_94
2016,4,8,44,64,52,96,95,beierle_4x4_alpha_95
2016,4,8,24,44,48,96,96,beierle_4x4_alpha_96
2016,4,8,32,56,52,100,97,beierle_4x4_alpha_97
2016,4,8,32,52,52,92,98,beierle_4x4_alpha_98
2016,4,8,36,64,52,92,99,beierle_4x4_alpha_99
2016,4,8,36,52,44,96,100,beierle_4x4_alpha_100
2016,4,8,40,76,52,100,101,beierle_4x4_alpha_101
2016,4,8,24,72,36,112,102,beierle_4x4_alpha_102
2016,4,8,40,64,52,92,103,beierle_4x4_alpha_103
2016,4,8,32,60,52,108,104,beierle_4x4_alpha_104
2016,4,8,28,48,48,92,105,beierle_4x4_alpha_105
2016,4,8,52,56,52,96,106,beierle_4x4_alpha_106
2016,4,8,52,72,48,104,107,beierle_4x4_alpha_107
2016,4,8,36,76,48,108,108,beierle_4x4_alpha_108
2016,4,8,48,52,52,80,109,beierle_4x4_alpha_109
2016,4,8,32,60,44,108,110,beierle_4x4_alpha_110
2016,4,8,48,60,48,104,111,beierle_4x4_alpha_111
2016,4,8,28,48,44,92,112,beierle_4x4_alpha_112
2016,4,8,32,72,52,100,113,beierle_4x4_alpha_113
2016,4,8,32,64,40,104,114,beierle_4x4_alpha_114
2016,4,8,32,68,52,96,115,beierle_4x4_alpha_115
2016,4,8,44,72,52,104,116,beierle_4x4_alpha_116
2016,4,8,44,56,52,108,117,beierle_4x4_alpha_117
2016,4,8,40,60,52,88,118,beierle_4x4_alpha_118
2016,4,8,48,52,52,84,119,beierle_4x4_alpha_119
2016,4,8,32,60,52,100,120,beierle_4x4_alpha_120
2016,4,8,40,36,52,96,121,beierle_4x4_alpha_121
2016,4,8,32,72,40,100,122,beierle_4x4_alpha_122
2016,4,8,52,56,44,108,123,beierle_4x4_alpha_123
2016,4,8,32,60,28,108,124,beierle_4x4_alpha_124
2016,4,8,48,64,52,100,125,beierle_4x4_alpha_125
2016,4,8,48,52,52,100,126,beierle_4x4_alpha_126
2016,4,8,56,64,52,112,127,beierle_4x4_alpha_127
2016,4,8,20,56,52,104,128,beierle_4x4_alpha_128
2016,4,8,20,68,56,100,129,beierle_4x4_alpha_129
2016,4,8,28,56,52,108,130,beierle_4x4_alpha_130
2016,4,8,28,60,52,100,131,beierle_4x4_alpha_131
2016,4,8,32,60,56,104,132,beierle_4x4_alpha_132
2016,4,8,32,64,56,108,133,beierle_4x4_alpha_133
2016,4,8,36,72,56,100,134,beierle_4x4_alpha_134
2016,4,8,40,60,52,84,135,beierle_4x4_alpha_135
2016,4,8,24,52,56,72,136,beierle_4x4_alpha_136
2016,4,8,28,92,52,104,137,beierle_4x4_alpha_137
2016,4,8,28,68,52,108,138,beierle_4x4_alpha_138
2016,4,8,32,76,48,108,139,beierle_4x4_alpha_139
2016,4,8,36,56,56,88,140,beierle_4x4_alpha_140
2016,4,8,40,72,56,108,141,beierle_4x4_alpha_141
2016,4,8,24,68,36,104,142,beierle_4x4_alpha_142
2016,4,8,40,72,56,104,143,beierle_4x4_alpha_143
2016,4,8,32,52,52,92,144,beierle_4x4_alpha_144
2016,4,8,32,64,56,104,145,beierle_4x4_alpha_145
2016,4,8,32,56,56,96,147,beierle_4x4_alpha_147
2016,4,8,32,72,52,108,148,beierle_4x4_alpha_148
2016,4,8,32,56,48,104,149,beierle_4x4_alpha_149
2016,4,8,36,60,52,88,150,beierle_4x4_alpha_150
2016,4,8,28,60,56,92,151,beierle_4x4_alpha_151
2016,4,8,28,44,52,80,152,beierle_4x4_alpha_152
2016,4,8,36,52,56,84,153,beierle_4x4_alpha_153
2016,4,8,36,64,48,100,154,beierle_4x4_alpha_154
2016,4,8,40,84,44,108,155,beierle_4x4_alpha_155
2016,4,8,40,84,48,112,156,beierle_4x4_alpha_156
2016,4,8,32,60,52,100,157,beierle_4x4_alpha_157
2016,4,8,44,64,56,80,158,beierle_4x4_alpha_158
2016,4,8,44,64,52,112,159,beierle_4x4_alpha_159
2016,4,8,28,52,52,112,160,beierle_4x4_alpha_160
2016,4,8,32,72,44,108,161,beierle_4x4_alpha_161
2016,4,8,36,60,52,108,162,beierle_4x4_alpha_162
2016,4,8,36,52,56,80,163,beierle_4x4_alpha_163
2016,4,8,36,36,52,96,164,beierle_4x4_alpha_164
2016,4,8,40,52,56,92,165,beierle_4x4_alpha_165
2016,4,8,40,60,56,104,166,beierle_4x4_alpha_166
2016,4,8,32,56,44,92,167,beierle_4x4_alpha_167
2016,4,8,28,52,56,96,168,beierle_4x4_alpha_168
2016,4,8,32,44,48,76,169,beierle_4x4_alpha_169
2016,4,8,32,64,52,104,170,beierle_4x4_alpha_170
2016,4,8,40,36,48,64,171,beierle_4x4_alpha_171
2016,4,8,40,64,52,88,172,beierle_4x4_alpha_172
2016,4,8,28,84,52,96,173,beierle_4x4_alpha_173
2016,4,8,40,68,48,96,174,beierle_4x4_alpha_174
2016,4,8,52,60,52,104,175,beierle_4x4_alpha_175
2016,4,8,24,48,36,96,176,beierle_4x4_alpha_176
2016,4,8,44,60,56,92,177,beierle_4x4_alpha_177
2016,4,8,48,64,56,80,178,beierle_4x4_alpha_178
2016,4,8,48,68,56,108,179,beierle_4x4_alpha_179
2016,4,8,48,60,56,96,180,beierle_4x4_alpha_180
2016,4,8,44,64,56,104,181,beierle_4x4_alpha_181
2016,4,8,44,48,48,88,182,beierle_4x4_alpha_182
2016,4,8,40,68,48,96,183,beierle_4x4_alpha_183
2016,4,8,44,56,56,96,184,beierle_4x4_alpha_184
2016,4,8,40,52,56,88,185,beierle_4x4_alpha_185
2016,4,8,36,76,44,104,186,beierle_4x4_alpha_186
2016,4,8,44,56,56,96,187,beierle_4x4_alpha_187
2016,4,8,44,68,44,108,188,beierle_4x4_alpha_188
2016,4,8,40,52,52,84,189,beierle_4x4_alpha_189
2016,4,8,44,52,48,104,190,beierle_4x4_alpha_190
2016,4,8,52,60,52,92,191,beierle_4x4_alpha_191
2016,4,8,24,64,44,100,192,beierle_4x4_alpha_192
2016,4,8,28,56,56,100,193,beierle_4x4_alpha_193
2016,4,8,36,60,52,100,194,beierle_4x4_alpha_194
2016,4,8,36,68,52,104,195,beierle_4x4_alpha_195
2016,4,8,28,72,56,112,196,beierle_4x4_alpha_196
2016,4,8,36,56,48,84,197,beierle_4x4_alpha_197
2016,4,8,32,64,52,92,198,beierle_4x4_alpha_198
2016,4,8,40,68,52,84,199,beierle_4x4_alpha_199
2016,4,8,36,44,56,100,200,beierle_4x4_alpha_200
2016,4,8,32,72,56,108,201,beierle_4x4_alpha_201
2016,4,8,44,64,56,92,202,beierle_4x4_alpha_202
2016,4,8,36,68,56,96,203,beierle_4x4_alpha_203
2016,4,8,24,56,32,96,204,beierle_4x4_alpha_204
2016,4,8,48,68,56,104,205,beierle_4x4_alpha_205
2016,4,8,40,76,48,100,206,beierle_4x4_alpha_206
2016,4,8,44,64,48,88,207,beierle_4x4_alpha_207
2016,4,8,32,76,48,104,208,beierle_4x4_alpha_208
2016,4,8,36,64,56,104,209,beierle_4x4_alpha_209
2016,4,8,40,56,56,104,210,beierle_4x4_alpha_210
2016,4,8,40,76,56,88,211,beierle_4x4_alpha_211
2016,4,8,44,52,56,84,212,beierle_4x4_alpha_212
2016,4,8,36,72,56,108,213,beierle_4x4_alpha_213
2016,4,8,36,44,44,92,216,beierle_4x4_alpha_216
2016,4,8,36,60,56,88,217,beierle_4x4_alpha_217
2016,4,8,36,64,56,92,218,beierle_4x4_alpha_218
2016,4,8,44,52,56,96,219,beierle_4x4_alpha_219
2016,4,8,44,80,52,112,220,beierle_4x4_alpha_220
2016,4,8,44,72,52,108,222,beierle_4x4_alpha_222
2016,4,8,48,64,40,88,223,beierle_4x4_alpha_223
2016,4,8,28,52,40,100,224,beierle_4x4_alpha_224
2016,4,8,36,36,48,68,225,beierle_4x4_alpha_225
2016,4,8,44,56,56,96,226,beierle_4x4_alpha_226
2016,4,8,48,52,56,92,227,beierle_4x4_alpha_227
2016,4,8,32,76,36,108,228,beierle_4x4_alpha_228
2016,4,8,48,48,52,104,229,beierle_4x4_alpha_229
2016,4,8,44,36,56,88,230,beierle_4x4_alpha_230
2016,4,8,48,48,56,100,231,beierle_4x4_alpha_231
2016,4,8,44,48,56,100,232,beierle_4x4_alpha_232
2016,4,8,40,48,56,88,233,beierle_4x4_alpha_233
2016,4,8,40,56,56,112,234,beierle_4x4_alpha_234
2016,4,8,44,56,52,88,235,beierle_4x4_alpha_235
2016,4,8,40,52,56,80,236,beierle_4x4_alpha_236
2016,4,8,48,64,52,96,237,beierle_4x4_alpha_237
2016,4,8,52,68,52,112,238,beierle_4x4_alpha_238
2016,4,8,60,68,56,100,239,beierle_4x4_alpha_239
2016,4,8,44,52,56,92,240,beierle_4x4_alpha_240
2016,4,8,52,64,56,84,241,beierle_4x4_alpha_241
2016,4,8,44,56,52,92,242,beierle_4x4_alpha_242
2016,4,8,52,56,56,104,243,beierle_4x4_alpha_243
2016,4,8,32,52,36,88,244,beierle_4x4_alpha_244
2016,4,8,40,72,52,112,245,beierle_4x4_alpha_245
2016,4,8,44,60,56,96,246,beierle_4x4_alpha_246
2016,4,8,56,80,56,104,247,beierle_4x4_alpha_247
2016,4,8,40,40,56,104,248,beierle_4x4_alpha_248
2016,4,8,48,80,56,112,249,beierle_4x4_alpha_249
2016,4,8,48,36,56,96,250,beierle_4x4_alpha_250
2016,4,8,52,64,56,100,251,beierle_4x4_alpha_251
2016,4,8,48,76,56,88,252,beierle_4x4_alpha_252
2016,4,8,48,48,56,96,253,beierle_4x4_alpha_253
2016,4,8,48,48,56,92,254,beierle_4x4_alpha_254
2016,4,8,56,76,56,108,255,beierle_4x4_alpha_255
2016,5,4,25,55,45,45,8,beierle_5x5_alpha_8
2016,5,4,45,30,45,45,10,beierle_5x5_alpha_10
2016,5,4,30,45,45,45,12,beierle_5x5_alpha_12
2016,5,4,55,25,45,45,15,beierle_5x5_alpha_15
2016,5,8,35,100,40,140,2,beierle_5x5_alpha_2
2016,5,8,50,115,45,150,3,beierle_5x5_alpha_3
2016,5,8,35,70,55,150,4,beierle_5x5_alpha_4
2016,5,8,45,65,50,110,5,beierle_5x5_alpha_5
2016,5,8,40,65,55,120,6,beierle_5x5_alpha_6
2016,5,8,60,90,45,110,7,beierle_5x5_alpha_7
2016,5,8,35,100,55,170,8,beierle_5x5_alpha_8
2016,5,8,55,105,60,150,9,beierle_5x5_alpha_9
2016,5,8,40,75,65,100,10,beierle_5x5_alpha_10
2016,5,8,40,105,55,170,12,beierle_5x5_alpha_12
2016,5,8,50,110,55,170,13,beierle_5x5_alpha_13
2016,5,8,45,90,65,150,14,beierle_5x5_alpha_14
2016,5,8,60,125,50,150,15,beierle_5x5_alpha_15
2016,5,8,30,115,75,130,16,beierle_5x5_alpha_16
2016,5,8,35,60,75,100,17,beierle_5x5_alpha_17
2016,5,8,55,80,75,150,18,beierle_5x5_alpha_18
2016,5,8,45,65,75,140,19,beierle_5x5_alpha_19
2016,5,8,45,80,75,135,20,beierle_5x5_alpha_20
2016,5,8,60,75,65,135,21,beierle_5x5_alpha_21
2016,5,8,60,95,75,145,22,beierle_5x5_alpha_22
2016,5,8,70,90,75,145,23,beierle_5x5_alpha_23
2016,5,8,40,90,55,150,24,beierle_5x5_alpha_24
2016,5,8,60,95,75,160,25,beierle_5x5_alpha_25
2016,5,8,50,135,75,170,26,beierle_5x5_alpha_26
2016,5,8,60,80,60,160,27,beierle_5x5_alpha_27
2016,5,8,60,85,70,120,28,beierle_5x5_alpha_28
2016,5,8,60,50,60,160,29,beierle_5x5_alpha_29
2016,5,8,55,70,75,120,30,beierle_5x5_alpha_30
2016,5,8,65,85,65,110,31,beierle_5x5_alpha_31
2016,5,8,40,115,85,170,32,beierle_5x5_alpha_32
2016,5,8,60,90,85,150,33,beierle_5x5_alpha_33
2016,5,8,35,100,75,150,34,beierle_5x5_alpha_34
2016,5,8,55,105,85,150,35,beierle_5x5_alpha_35
2016,5,8,50,80,85,170,36,beierle_5x5_alpha_36
2016,5,8,50,65,85,140,37,beierle_5x5_alpha_37
2016,5,8,45,95,75,170,38,beierle_5x5_alpha_38
2016,5,8,70,50,80,130,39,beierle_5x5_alpha_39
2016,5,8,40,80,85,145,40,beierle_5x5_alpha_40
2016,5,8,55,75,85,125,41,beierle_5x5_alpha_41
2016,5,8,45,85,80,155,42,beierle_5x5_alpha_42
2016,5,8,60,90,85,155,43,beierle_5x5_alpha_43
2016,5,8,45,105,80,145,44,beierle_5x5_alpha_44
2016,5,8,65,80,80,135,45,beierle_5x5_alpha_45
2016,5,8,65,80,80,165,46,beierle_5x5_alpha_46
2016,5,8,85,95,85,165,47,beierle_5x5_alpha_47
2016,5,8,45,75,85,150,48,beierle_5x5_alpha_48
2016,5,8,50,70,80,140,49,beierle_5x5_alpha_49
2016,5,8,60,90,85,110,50,beierle_5x5_alpha_50
2016,5,8,50,55,75,170,51,beierle_5x5_alpha_51
2016,5,8,65,100,80,160,52,beierle_5x5_alpha_52
2016,5,8,75,105,85,150,53,beierle_5x5_alpha_53
2016,5,8,70,85,85,160,54,beierle_5x5_alpha_54
2016,5,8,65,80,85,150,55,beierle_5x5_alpha_55
2016,5,8,50,60,85,155,56,beierle_5x5_alpha_56
2016,5,8,60,125,80,155,57,beierle_5x5_alpha_57
2016,5,8,65,65,85,155,58,beierle_5x5_alpha_58
2016,5,8,70,70,75,165,59,beierle_5x5_alpha_59
2016,5,8,55,105,75,165,60,beierle_5x5_alpha_60
2016,5,8,65,60,80,135,61,beierle_5x5_alpha_61
2016,5,8,65,110,65,135,62,beierle_5x5_alpha_62
2016,5,8,90,125,85,155,63,beierle_5x5_alpha_63
2016,5,8,45,90,90,155,64,beierle_5x5_alpha_64
2016,5,8,40,85,95,165,65,beierle_5x5_alpha_65
2016,5,8,60,115,95,165,66,beierle_5x5_alpha_66
2016,5,8,55,70,95,125,67,beierle_5x5_alpha_67
2016,5,8,35,65,75,105,68,beierle_5x5_alpha_68
2016,5,8,60,80,90,165,70,beierle_5x5_alpha_70
2016,5,8,50,95,80,145,71,beierle_5x5_alpha_71
2016,5,8,45,85,90,145,72,beierle_5x5_alpha_72
2016,5,8,55,60,90,145,73,beierle_5x5_alpha_73
2016,5,8,50,110,85,155,74,beierle_5x5_alpha_74
2016,5,8,60,95,90,155,75,beierle_5x5_alpha_75
2016,5,8,45,100,75,145,76,beierle_5x5_alpha_76
2016,5,8,65,75,95,165,77,beierle_5x5_alpha_77
2016,5,8,40,130,85,165,80,beierle_5x5_alpha_80
2016,5,8,55,95,90,155,81,beierle_5x5_alpha_81
2016,5,8,65,45,95,135,82,beierle_5x5_alpha_82
2016,5,8,60,110,90,155,83,beierle_5x5_alpha_83
2016,5,8,45,75,80,145,84,beierle_5x5_alpha_84
2016,5,8,65,110,90,175,85,beierle_5x5_alpha_85
2016,5,8,65,80,90,135,86,beierle_5x5_alpha_86
2016,5,8,75,85,95,165,87,beierle_5x5_alpha_87
2016,5,8,45,125,80,165,88,beierle_5x5_alpha_88
2016,5,8,80,130,95,175,89,beierle_5x5_alpha_89
2016,5,8,70,70,95,175,90,beierle_5x5_alpha_90
2016,5,8,80,75,95,175,91,beierle_5x5_alpha_91
2016,5,8,65,70,80,145,92,beierle_5x5_alpha_92
2016,5,8,70,75,90,175,93,beierle_5x5_alpha_93
2016,5,8,80,75,90,165,94,beierle_5x5_alpha_94
2016,5,8,85,60,95,165,95,beierle_5x5_alpha_95
2016,5,8,40,100,90,155,96,beierle_5x5_alpha_96
2016,5,8,55,85,95,145,97,beierle_5x5_alpha_97
2016,5,8,55,105,95,145,98,beierle_5x5_alpha_98
2016,5,8,65,150,95,175,99,beierle_5x5_alpha_99
2016,5,8,60,115,85,145,100,beierle_5x5_alpha_100
2016,5,8,70,90,95,135,101,beierle_5x5_alpha_101
2016,5,8,50,90,75,175,102,beierle_5x5_alpha_102
2016,5,8,75,105,95,155,103,beierle_5x5_alpha_103
2016,5,8,55,115,95,145,104,beierle_5x5_alpha_104
2016,5,8,55,90,90,125,105,beierle_5x5_alpha_105
2016,5,8,85,120,95,125,106,beierle_5x5_alpha_106
2016,5,8,90,105,90,125,107,beierle_5x5_alpha_107
2016,5,8,65,90,90,105,108,beierle_5x5_alpha_108
2016,5,8,85,55,95,145,109,beierle_5x5_alpha_109
2016,5,8,65,105,85,145,110,beierle_5x5_alpha_110
2016,5,8,90,130,90,155,111,beierle_5x5_alpha_111
2016,5,8,50,80,85,175,112,beierle_5x5_alpha_112
2016,5,8,60,125,95,175,113,beierle_5x5_alpha_113
2016,5,8,60,45,80,125,114,beierle_5x5_alpha_114
2016,5,8,65,70,95,155,115,beierle_5x5_alpha_115
2016,5,8,75,145,95,175,116,beierle_5x5_alpha_116
2016,5,8,80,110,95,165,117,beierle_5x5_alpha_117
2016,5,8,75,130,95,175,118,beierle_5x5_alpha_118
2016,5,8,90,75,95,145,119,beierle_5x5_alpha_119
2016,5,8,60,75,95,175,120,beierle_5x5_alpha_120
2016,5,8,75,100,95,165,121,beierle_5x5_alpha_121
2016,5,8,65,120,80,165,122,beierle_5x5_alpha_122
2016,5,8,95,65,85,145,123,beierle_5x5_alpha_123
2016,5,8,65,130,65,175,124,beierle_5x5_alpha_124
2016,5,8,90,125,95,165,125,beierle_5x5_alpha_125
2016,5,8,90,65,95,125,126,beierle_5x5_alpha_126
2016,5,8,105,100,95,165,127,beierle_5x5_alpha_127
2016,5,8,30,80,100,150,128,beierle_5x5_alpha_128
2016,5,8,35,105,105,150,129,beierle_5x5_alpha_129
2016,5,8,45,125,100,160,130,beierle_5x5_alpha_130
2016,5,8,50,90,100,130,131,beierle_5x5_alpha_131
2016,5,8,50,85,105,145,132,beierle_5x5_alpha_132
2016,5,8,55,110,105,145,133,beierle_5x5_alpha_133
2016,5,8,60,70,105,120,134,beierle_5x5_alpha_134
2016,5,8,70,95,100,140,135,beierle_5x5_alpha_135
2016,5,8,40,85,105,130,136,beierle_5x5_alpha_136
2016,5,8,50,90,100,130,137,beierle_5x5_alpha_137
2016,5,8,50,90,100,170,138,beierle_5x5_alpha_138
2016,5,8,60,85,95,130,139,beierle_5x5_alpha_139
2016,5,8,60,70,105,110,140,beierle_5x5_alpha_140
2016,5,8,70,95,105,140,141,beierle_5x5_alpha_141
2016,5,8,50,85,80,150,142,beierle_5x5_alpha_142
2016,5,8,75,70,105,120,143,beierle_5x5_alpha_143
2016,5,8,50,110,100,135,144,beierle_5x5_alpha_144
2016,5,8,55,95,105,155,145,beierle_5x5_alpha_145
2016,5,8,65,35,105,75,146,beierle_5x5_alpha_146
2016,5,8,55,75,100,90,148,beierle_5x5_alpha_148
2016,5,8,60,100,95,100,149,beierle_5x5_alpha_149
2016,5,8,65,110,100,150,150,beierle_5x5_alpha_150
2016,5,8,60,95,105,140,151,beierle_5x5_alpha_151
2016,5,8,65,120,95,150,154,beierle_5x5_alpha_154
2016,5,8,75,95,90,150,155,beierle_5x5_alpha_155
2016,5,8,70,100,95,130,156,beierle_5x5_alpha_156
2016,5,8,65,55,100,120,157,beierle_5x5_alpha_157
2016,5,8,80,105,105,160,158,beierle_5x5_alpha_158
2016,5,8,85,130,100,150,159,beierle_5x5_alpha_159
2016,5,8,45,90,100,160,160,beierle_5x5_alpha_160
2016,5,8,55,95,90,150,161,beierle_5x5_alpha_161
2016,5,8,60,145,100,170,162,beierle_5x5_alpha_162
2016,5,8,65,100,105,140,163,beierle_5x5_alpha_163
2016,5,8,60,105,100,160,164,beierle_5x5_alpha_164
2016,5,8,70,150,105,170,165,beierle_5x5_alpha_165
2016,5,8,70,90,105,140,166,beierle_5x5_alpha_166
2016,5,8,65,95,90,140,167,beierle_5x5_alpha_167
2016,5,8,50,35,105,125,168,beierle_5x5_alpha_168
2016,5,8,60,90,95,155,169,beierle_5x5_alpha_169
2016,5,8,60,100,100,145,170,beierle_5x5_alpha_170
2016,5,8,75,85,95,165,171,beierle_5x5_alpha_171
2016,5,8,70,100,100,145,172,beierle_5x5_alpha_172
2016,5,8,60,85,100,135,173,beierle_5x5_alpha_173
2016,5,8,75,95,95,155,174,beierle_5x5_alpha_174
2016,5,8,95,70,100,135,175,beierle_5x5_alpha_175
2016,5,8,45,150,80,170,176,beierle_5x5_alpha_176
2016,5,8,75,85,105,130,177,beierle_5x5_alpha_177
2016,5,8,80,95,105,140,178,beierle_5x5_alpha_178
2016,5,8,85,130,105,140,179,beierle_5x5_alpha_179
2016,5,8,80,95,105,170,180,beierle_5x5_alpha_180
2016,5,8,80,110,105,170,181,beierle_5x5_alpha_181
2016,5,8,80,120,95,170,182,beierle_5x5_alpha_182
2016,5,8,80,95,95,170,183,beierle_5x5_alpha_183
2016,5,8,75,115,105,155,184,beierle_5x5_alpha_184
2016,5,8,75,100,105,145,185,beierle_5x5_alpha_185
2016,5,8,70,110,90,165,186,beierle_5x5_alpha_186
2016,5,8,85,135,105,165,187,beierle_5x5_alpha_187
2016,5,8,80,90,90,135,188,beierle_5x5_alpha_188
2016,5,8,80,105,100,155,189,beierle_5x5_alpha_189
2016,5,8,85,75,95,155,190,beierle_5x5_alpha_190
2016,5,8,100,90,100,155,191,beierle_5x5_alpha_191
2016,5,8,40,115,90,165,192,beierle_5x5_alpha_192
2016,5,8,50,110,105,155,193,beierle_5x5_alpha_193
2016,5,8,60,110,100,165,194,beierle_5x5_alpha_194
2016,5,8,65,115,100,115,195,beierle_5x5_alpha_195
2016,5,8,50,100,105,135,196,beierle_5x5_alpha_196
2016,5,8,65,105,95,175,197,beierle_5x5_alpha_197
2016,5,8,60,105,100,165,198,beierle_5x5_alpha_198
2016,5,8,75,130,100,155,199,beierle_5x5_alpha_199
2016,5,8,60,80,105,165,200,beierle_5x5_alpha_200
2016,5,8,60,105,105,175,201,beierle_5x5_alpha_201
2016,5,8,75,145,105,175,202,beierle_5x5_alpha_202
2016,5,8,70,140,105,155,203,beierle_5x5_alpha_203
2016,5,8,50,105,75,165,204,beierle_5x5_alpha_204
2016,5,8,85,60,105,125,205,beierle_5x5_alpha_205
2016,5,8,75,70,95,165,206,beierle_5x5_alpha_206
2016,5,8,85,95,95,125,207,beierle_5x5_alpha_207
2016,5,8,55,115,95,175,208,beierle_5x5_alpha_208
2016,5,8,65,100,105,125,209,beierle_5x5_alpha_209
2016,5,8,70,120,105,175,210,beierle_5x5_alpha_210
2016,5,8,75,105,105,165,211,beierle_5x5_alpha_211
2016,5,8,75,90,105,145,212,beierle_5x5_alpha_212
2016,5,8,70,95,105,175,213,beierle_5x5_alpha_213
2016,5,8,65,90,90,155,216,beierle_5x5_alpha_216
2016,5,8,70,85,105,165,217,beierle_5x5_alpha_217
2016,5,8,70,105,105,175,218,beierle_5x5_alpha_218
2016,5,8,85,60,105,125,219,beierle_5x5_alpha_219
2016,5,8,75,40,100,65,221,beierle_5x5_alpha_221
2016,5,8,85,130,100,175,222,beierle_5x5_alpha_222
2016,5,8,95,85,85,145,223,beierle_5x5_alpha_223
2016,5,8,50,115,85,175,224,beierle_5x5_alpha_224
2016,5,8,65,100,95,165,225,beierle_5x5_alpha_225
2016,5,8,75,90,105,135,226,beierle_5x5_alpha_226
2016,5,8,85,105,105,145,227,beierle_5x5_alpha_227
2016,5,8,60,140,80,165,228,beierle_5x5_alpha_228
2016,5,8,85,145,100,165,229,beierle_5x5_alpha_229
2016,5,8,80,95,105,125,230,beierle_5x5_alpha_230
2016,5,8,90,140,105,135,231,beierle_5x5_alpha_231
2016,5,8,75,70,105,105,232,beierle_5x5_alpha_232
2016,5,8,75,65,105,125,233,beierle_5x5_alpha_233
2016,5,8,75,85,105,135,234,beierle_5x5_alpha_234
2016,5,8,85,60,100,165,235,beierle_5x5_alpha_235
2016,5,8,75,85,105,175,236,beierle_5x5_alpha_236
2016,5,8,90,110,100,165,237,beierle_5x5_alpha_237
2016,5,8,95,110,100,165,238,beierle_5x5_alpha_238
2016,5,8,110,145,105,175,239,beierle_5x5_alpha_239
2016,5,8,75,95,105,155,240,beierle_5x5_alpha_240
2016,5,8,90,110,105,165,241,beierle_5x5_alpha_241
2016,5,8,80,100,100,175,242,beierle_5x5_alpha_242
2016,5,8,95,75,105,125,243,beierle_5x5_alpha_243
2016,5,8,65,100,80,175,244,beierle_5x5_alpha_244
2016,5,8,80,95,100,155,245,beierle_5x5_alpha_245
2016,5,8,85,75,105,175,246,beierle_5x5_alpha_246
2016,5,8,105,90,105,175,247,beierle_5x5_alpha_247
2016,5,8,75,110,105,165,248,beierle_5x5_alpha_248
2016,5,8,90,125,105,155,249,beierle_5x5_alpha_249
2016,5,8,90,105,105,105,250,beierle_5x5_alpha_250
2016,5,8,100,130,105,165,251,beierle_5x5_alpha_251
2016,5,8,90,115,105,145,252,beierle_5x5_alpha_252
2016,5,8,95,80,105,125,253,beierle_5x5_alpha_253
2016,5,8,95,60,105,175,254,beierle_5x5_alpha_254
2016,5,8,110,115,105,175,255,beierle_5x5_alpha_255
2016,6,8,102,138,108,210,3,beierle_6x6_alpha_3
2016,6,8,96,126,126,228,5,beierle_6x6_alpha_5
2016,6,8,90,144,126,246,6,beierle_6x6_alpha_6
2016,6,8,114,138,120,234,7,beierle_6x6_alpha_7
2016,6,8,90,108,120,186,8,beierle_6x6_alpha_8
2016,6,8,114,174,132,222,9,beierle_6x6_alpha_9
2016,6,8,102,126,120,222,12,beierle_6x6_alpha_12
2016,6,8,96,144,132,234,13,beierle_6x6_alpha_13
2016,6,8,108,156,132,240,14,beierle_6x6_alpha_14
2016,6,8,84,162,114,234,15,beierle_6x6_alpha_15
2016,6,8,72,162,144,216,17,beierle_6x6_alpha_17
2016,6,8,108,156,150,228,18,beierle_6x6_alpha_18
2016,6,8,84,156,144,210,19,beierle_6x6_alpha_19
2016,6,8,84,168,150,252,20,beierle_6x6_alpha_20
2016,6,8,120,150,126,210,21,beierle_6x6_alpha_21
2016,6,8,96,144,144,228,22,beierle_6x6_alpha_22
2016,6,8,108,108,144,162,23,beierle_6x6_alpha_23
2016,6,8,78,138,120,216,24,beierle_6x6_alpha_24
2016,6,8,120,126,138,222,25,beierle_6x6_alpha_25
2016,6,8,96,180,144,222,26,beierle_6x6_alpha_26
2016,6,8,96,132,132,192,27,beierle_6x6_alpha_27
2016,6,8,108,150,144,216,28,beierle_6x6_alpha_28
2016,6,8,96,162,132,228,30,beierle_6x6_alpha_30
2016,6,8,96,120,120,228,31,beierle_6x6_alpha_31
2016,6,8,84,126,138,204,32,beierle_6x6_alpha_32
2016,6,8,126,108,150,192,33,beierle_6x6_alpha_33
2016,6,8,72,120,126,180,34,beierle_6x6_alpha_34
2016,6,8,84,132,132,204,35,beierle_6x6_alpha_35
2016,6,8,78,108,150,174,36,beierle_6x6_alpha_36
2016,6,8,72,150,132,234,38,beierle_6x6_alpha_38
2016,6,8,84,126,144,192,40,beierle_6x6_alpha_40
2016,6,8,96,126,150,210,41,beierle_6x6_alpha_41
2016,6,8,96,108,132,210,42,beierle_6x6_alpha_42
2016,6,8,84,150,150,216,43,beierle_6x6_alpha_43
2016,6,8,78,102,132,228,44,beierle_6x6_alpha_44
2016,6,8,102,120,138,180,46,beierle_6x6_alpha_46
2016,6,8,126,90,150,204,47,beierle_6x6_alpha_47
2016,6,8,96,150,144,234,48,beierle_6x6_alpha_48
2016,6,8,84,114,138,216,49,beierle_6x6_alpha_49
2016,6,8,90,144,120,216,51,beierle_6x6_alpha_51
2016,6,8,96,126,150,192,52,beierle_6x6_alpha_52
2016,6,8,126,138,156,210,53,beierle_6x6_alpha_53
2016,6,8,90,102,150,198,54,beierle_6x6_alpha_54
2016,6,8,96,168,150,234,55,beierle_6x6_alpha_55
2016,6,8,84,120,150,186,56,beierle_6x6_alpha_56
2016,6,8,84,126,138,234,57,beierle_6x6_alpha_57
2016,6,8,96,174,126,228,59,beierle_6x6_alpha_59
2016,6,8,108,138,144,204,60,beierle_6x6_alpha_60
2016,6,8,90,114,126,186,61,beierle_6x6_alpha_61
2016,6,8,108,144,108,216,62,beierle_6x6_alpha_62
2016,6,8,132,132,150,198,63,beierle_6x6_alpha_63
2016,6,8,96,96,132,204,64,beierle_6x6_alpha_64
2016,6,8,90,114,156,222,65,beierle_6x6_alpha_65
2016,6,8,132,108,162,186,66,beierle_6x6_alpha_66
2016,6,8,102,174,150,234,67,beierle_6x6_alpha_67
2016,6,8,96,126,156,228,70,beierle_6x6_alpha_70
2016,6,8,66,132,102,216,71,beierle_6x6_alpha_71
2016,6,8,90,150,144,216,72,beierle_6x6_alpha_72
2016,6,8,78,156,144,240,73,beierle_6x6_alpha_73
2016,6,8,96,144,138,234,74,beierle_6x6_alpha_74
2016,6,8,108,150,156,222,77,beierle_6x6_alpha_77
2016,6,8,96,138,138,240,80,beierle_6x6_alpha_80
2016,6,8,96,150,132,240,81,beierle_6x6_alpha_81
2016,6,8,108,108,150,174,82,beierle_6x6_alpha_82
2016,6,8,78,156,144,252,84,beierle_6x6_alpha_84
2016,6,8,90,162,132,240,85,beierle_6x6_alpha_85
2016,6,8,90,150,132,222,86,beierle_6x6_alpha_86
2016,6,8,108,120,156,192,87,beierle_6x6_alpha_87
2016,6,8,84,150,126,222,88,beierle_6x6_alpha_88
2016,6,8,120,162,150,246,89,beierle_6x6_alpha_89
2016,6,8,120,90,162,150,90,beierle_6x6_alpha_90
2016,6,8,120,162,150,234,91,beierle_6x6_alpha_91
2016,6,8,96,174,132,234,92,beierle_6x6_alpha_92
2016,6,8,108,156,132,240,93,beierle_6x6_alpha_93
2016,6,8,120,144,138,222,94,beierle_6x6_alpha_94
2016,6,8,90,120,144,204,96,beierle_6x6_alpha_96
2016,6,8,90,138,150,234,98,beierle_6x6_alpha_98
2016,6,8,126,120,156,228,99,beierle_6x6_alpha_99
2016,6,8,108,126,126,216,100,beierle_6x6_alpha_100
2016,6,8,84,126,120,192,102,beierle_6x6_alpha_102
2016,6,8,108,132,132,240,103,beierle_6x6_alpha_103
2016,6,8,84,126,150,198,104,beierle_6x6_alpha_104
2016,6,8,96,120,156,210,105,beierle_6x6_alpha_105
2016,6,8,150,114,150,186,106,beierle_6x6_alpha_106
2016,6,8,138,150,156,240,107,beierle_6x6_alpha_107
2016,6,8,78,132,132,210,108,beierle_6x6_alpha_108
2016,6,8,96,132,132,240,110,beierle_6x6_alpha_110
2016,6,8,108,162,144,240,111,beierle_6x6_alpha_111
2016,6,8,84,108,138,192,112,beierle_6x6_alpha_112
2016,6,8,84,108,138,192,113,beierle_6x6_alpha_113
2016,6,8,84,132,120,216,114,beierle_6x6_alpha_114
2016,6,8,96,138,162,204,115,beierle_6x6_alpha_115
2016,6,8,108,144,156,222,116,beierle_6x6_alpha_116
2016,6,8,126,114,162,186,117,beierle_6x6_alpha_117
2016,6,8,108,132,162,252,118,beierle_6x6_alpha_118
2016,6,8,126,132,138,240,119,beierle_6x6_alpha_119
2016,6,8,126,144,162,222,120,beierle_6x6_alpha_120
2016,6,8,120,156,150,228,121,beierle_6x6_alpha_121
2016,6,8,96,132,114,198,122,beierle_6x6_alpha_122
2016,6,8,120,144,144,222,123,beierle_6x6_alpha_123
2016,6,8,102,138,126,234,124,beierle_6x6_alpha_124
2016,6,8,126,114,156,210,125,beierle_6x6_alpha_125
2016,6,8,150,138,162,228,126,beierle_6x6_alpha_126
2016,6,8,126,150,156,240,127,beierle_6x6_alpha_127
2016,6,8,84,144,138,240,128,beierle_6x6_alpha_128
2016,6,8,84,156,162,246,129,beierle_6x6_alpha_129
2016,6,8,78,90,156,174,130,beierle_6x6_alpha_130
2016,6,8,102,144,144,228,131,beierle_6x6_alpha_131
2016,6,8,96,162,162,234,132,beierle_6x6_alpha_132
2016,6,8,108,132,168,210,134,beierle_6x6_alpha_134
2016,6,8,102,150,150,234,135,beierle_6x6_alpha_135
2016,6,8,78,132,150,246,137,beierle_6x6_alpha_137
2016,6,8,90,144,150,222,138,beierle_6x6_alpha_138
2016,6,8,90,162,132,234,139,beierle_6x6_alpha_139
2016,6,8,96,120,150,222,140,beierle_6x6_alpha_140
2016,6,8,120,144,162,234,141,beierle_6x6_alpha_141
2016,6,8,72,126,102,186,142,beierle_6x6_alpha_142
2016,6,8,120,120,162,216,143,beierle_6x6_alpha_143
2016,6,8,90,138,144,216,144,beierle_6x6_alpha_144
2016,6,8,108,174,156,252,145,beierle_6x6_alpha_145
2016,6,8,108,102,150,198,148,beierle_6x6_alpha_148
2016,6,8,108,144,156,246,149,beierle_6x6_alpha_149
2016,6,8,90,162,132,246,150,beierle_6x6_alpha_150
2016,6,8,102,132,162,210,151,beierle_6x6_alpha_151
2016,6,8,108,150,156,216,154,beierle_6x6_alpha_154
2016,6,8,102,120,138,222,156,beierle_6x6_alpha_156
2016,6,8,120,120,168,150,158,beierle_6x6_alpha_158
2016,6,8,96,138,150,186,159,beierle_6x6_alpha_159
2016,6,8,78,138,144,222,160,beierle_6x6_alpha_160
2016,6,8,90,132,144,234,161,beierle_6x6_alpha_161
2016,6,8,126,150,162,222,162,beierle_6x6_alpha_162
2016,6,8,102,132,156,246,163,beierle_6x6_alpha_163
2016,6,8,84,120,150,228,164,beierle_6x6_alpha_164
2016,6,8,90,150,162,228,165,beierle_6x6_alpha_165
2016,6,8,108,150,162,210,166,beierle_6x6_alpha_166
2016,6,8,78,156,102,228,167,beierle_6x6_alpha_167
2016,6,8,102,162,138,246,169,beierle_6x6_alpha_169
2016,6,8,84,126,108,210,170,beierle_6x6_alpha_170
2016,6,8,114,114,144,162,171,beierle_6x6_alpha_171
2016,6,8,108,138,156,234,172,beierle_6x6_alpha_172
2016,6,8,84,108,138,192,173,beierle_6x6_alpha_173
2016,6,8,126,132,156,198,174,beierle_6x6_alpha_174
2016,6,8,84,96,138,174,176,beierle_6x6_alpha_176
2016,6,8,102,144,144,234,177,beierle_6x6_alpha_177
2016,6,8,132,138,168,210,178,beierle_6x6_alpha_178
2016,6,8,108,132,138,216,179,beierle_6x6_alpha_179
2016,6,8,138,132,168,216,180,beierle_6x6_alpha_180
2016,6,8,120,126,162,222,181,beierle_6x6_alpha_181
2016,6,8,138,120,156,204,182,beierle_6x6_alpha_182
2016,6,8,120,126,150,216,183,beierle_6x6_alpha_183
2016,6,8,102,144,162,222,185,beierle_6x6_alpha_185
2016,6,8,102,168,120,222,186,beierle_6x6_alpha_186
2016,6,8,126,126,150,192,187,beierle_6x6_alpha_187
2016,6,8,120,114,150,180,188,beierle_6x6_alpha_188
2016,6,8,108,132,156,240,189,beierle_6x6_alpha_189
2016,6,8,114,168,150,228,190,beierle_6x6_alpha_190
2016,6,8,144,138,162,186,191,beierle_6x6_alpha_191
2016,6,8,78,156,132,198,192,beierle_6x6_alpha_192
2016,6,8,90,168,162,240,193,beierle_6x6_alpha_193
2016,6,8,96,168,150,222,194,beierle_6x6_alpha_194
2016,6,8,90,138,138,204,195,beierle_6x6_alpha_195
2016,6,8,90,120,150,204,196,beierle_6x6_alpha_196
2016,6,8,108,102,144,222,197,beierle_6x6_alpha_197
2016,6,8,96,126,162,228,198,beierle_6x6_alpha_198
2016,6,8,102,120,162,240,200,beierle_6x6_alpha_200
2016,6,8,120,108,156,198,201,beierle_6x6_alpha_201
2016,6,8,108,144,156,234,202,beierle_6x6_alpha_202
2016,6,8,78,78,126,174,204,beierle_6x6_alpha_204
2016,6,8,126,126,150,192,205,beierle_6x6_alpha_205
2016,6,8,102,138,150,210,206,beierle_6x6_alpha_206
2016,6,8,120,138,132,198,207,beierle_6x6_alpha_207
2016,6,8,96,162,132,246,208,beierle_6x6_alpha_208
2016,6,8,108,138,150,210,209,beierle_6x6_alpha_209
2016,6,8,132,114,168,192,211,beierle_6x6_alpha_211
2016,6,8,126,114,168,186,212,beierle_6x6_alpha_212
2016,6,8,96,120,126,186,216,beierle_6x6_alpha_216
2016,6,8,108,132,150,180,217,beierle_6x6_alpha_217
2016,6,8,102,138,150,228,218,beierle_6x6_alpha_218
2016,6,8,120,150,156,198,219,beierle_6x6_alpha_219
2016,6,8,114,144,138,222,222,beierle_6x6_alpha_222
2016,6,8,108,150,132,240,223,beierle_6x6_alpha_223
2016,6,8,72,126,126,216,224,beierle_6x6_alpha_224
2016,6,8,120,96,144,192,225,beierle_6x6_alpha_225
2016,6,8,108,144,162,240,226,beierle_6x6_alpha_226
2016,6,8,96,138,138,228,228,beierle_6x6_alpha_228
2016,6,8,126,144,162,210,229,beierle_6x6_alpha_229
2016,6,8,102,144,156,252,230,beierle_6x6_alpha_230
2016,6,8,138,138,162,234,231,beierle_6x6_alpha_231
2016,6,8,96,150,150,216,233,beierle_6x6_alpha_233
2016,6,8,108,168,156,240,235,beierle_6x6_alpha_235
2016,6,8,120,174,162,252,236,beierle_6x6_alpha_236
2016,6,8,114,186,150,234,237,beierle_6x6_alpha_237
2016,6,8,138,186,162,240,239,beierle_6x6_alpha_239
2016,6,8,120,120,168,222,240,beierle_6x6_alpha_240
2016,6,8,144,144,168,216,241,beierle_6x6_alpha_241
2016,6,8,120,162,144,222,242,beierle_6x6_alpha_242
2016,6,8,138,120,162,222,243,beierle_6x6_alpha_243
2016,6,8,84,168,102,234,244,beierle_6x6_alpha_244
2016,6,8,108,114,162,240,245,beierle_6x6_alpha_245
2016,6,8,120,120,156,210,246,beierle_6x6_alpha_246
2016,6,8,138,114,162,204,247,beierle_6x6_alpha_247
2016,6,8,102,114,162,192,248,beierle_6x6_alpha_248
2016,6,8,120,126,168,186,249,beierle_6x6_alpha_249
2016,6,8,114,150,168,210,250,beierle_6x6_alpha_250
2016,6,8,120,180,162,234,251,beierle_6x6_alpha_251
2016,6,8,138,180,150,234,252,beierle_6x6_alpha_252
2016,6,8,138,156,156,234,253,beierle_6x6_alpha_253
2016,6,8,144,150,156,246,255,beierle_6x6_alpha_255
2016,7,8,84,147,112,182,2,beierle_7x7_alpha_2
2016,7,8,119,182,126,301,3,beierle_7x7_alpha_3
2016,7,8,84,105,154,189,4,beierle_7x7_alpha_4
2016,7,8,105,133,140,238,5,beierle_7x7_alpha_5
2016,7,8,91,168,154,287,6,beierle_7x7_alpha_6
2016,7,8,140,182,126,259,7,beierle_7x7_alpha_7
2016,7,8,84,133,154,203,8,beierle_7x7_alpha_8
2016,7,8,133,273,168,322,9,beierle_7x7_alpha_9
2016,7,8,91,154,154,245,12,beierle_7x7_alpha_12
2016,7,8,112,140,154,315,13,beierle_7x7_alpha_13
2016,7,8,133,168,140,238,15,beierle_7x7_alpha_15
2016,7,8,91,126,182,217,16,beierle_7x7_alpha_16
2016,7,8,84,133,182,259,17,beierle_7x7_alpha_17
2016,7,8,140,203,182,273,18,beierle_7x7_alpha_18
2016,7,8,91,175,182,343,19,beierle_7x7_alpha_19
2016,7,8,112,161,175,273,20,beierle_7x7_alpha_20
2016,7,8,133,182,147,287,21,beierle_7x7_alpha_21
2016,7,8,133,224,175,301,22,beierle_7x7_alpha_22
2016,7,8,140,140,175,203,23,beierle_7x7_alpha_23
2016,7,8,112,210,140,287,24,beierle_7x7_alpha_24
2016,7,8,147,154,196,273,25,beierle_7x7_alpha_25
2016,7,8,119,210,196,301,26,beierle_7x7_alpha_26
2016,7,8,147,168,182,280,28,beierle_7x7_alpha_28
2016,7,8,126,112,154,224,29,beierle_7x7_alpha_29
2016,7,8,112,189,196,315,30,beierle_7x7_alpha_30
2016,7,8,119,161,168,245,31,beierle_7x7_alpha_31
2016,7,8,168,182,210,287,33,beierle_7x7_alpha_33
2016,7,8,84,133,182,231,34,beierle_7x7_alpha_34
2016,7,8,126,238,210,273,36,beierle_7x7_alpha_36
2016,7,8,119,182,210,301,37,beierle_7x7_alpha_37
2016,7,8,91,147,182,315,38,beierle_7x7_alpha_38
2016,7,8,154,280,196,322,39,beierle_7x7_alpha_39
2016,7,8,98,182,203,259,40,beierle_7x7_alpha_40
2016,7,8,91,217,189,294,42,beierle_7x7_alpha_42
2016,7,8,91,175,189,336,44,beierle_7x7_alpha_44
2016,7,8,140,189,189,308,45,beierle_7x7_alpha_45
2016,7,8,175,175,203,245,47,beierle_7x7_alpha_47
2016,7,8,119,189,210,329,48,beierle_7x7_alpha_48
2016,7,8,154,182,210,287,50,beierle_7x7_alpha_50
2016,7,8,105,196,182,315,51,beierle_7x7_alpha_51
2016,7,8,168,189,196,252,52,beierle_7x7_alpha_52
2016,7,8,175,224,210,343,54,beierle_7x7_alpha_54
2016,7,8,119,168,189,322,57,beierle_7x7_alpha_57
2016,7,8,147,203,203,315,58,beierle_7x7_alpha_58
2016,7,8,140,196,175,301,59,beierle_7x7_alpha_59
2016,7,8,119,175,175,287,60,beierle_7x7_alpha_60
2016,7,8,189,210,203,315,63,beierle_7x7_alpha_63
2016,7,8,140,133,217,168,64,beierle_7x7_alpha_64
2016,7,8,105,154,231,315,65,beierle_7x7_alpha_65
2016,7,8,161,210,231,315,66,beierle_7x7_alpha_66
2016,7,8,126,189,231,315,67,beierle_7x7_alpha_67
2016,7,8,154,182,217,336,70,beierle_7x7_alpha_70
2016,7,8,105,168,189,210,71,beierle_7x7_alpha_71
2016,7,8,119,161,217,294,72,beierle_7x7_alpha_72
2016,7,8,126,189,217,336,73,beierle_7x7_alpha_73
2016,7,8,119,140,217,336,75,beierle_7x7_alpha_75
2016,7,8,112,133,175,217,76,beierle_7x7_alpha_76
2016,7,8,147,161,231,287,77,beierle_7x7_alpha_77
2016,7,8,98,182,203,273,80,beierle_7x7_alpha_80
2016,7,8,133,203,217,322,81,beierle_7x7_alpha_81
2016,7,8,140,182,217,280,83,beierle_7x7_alpha_83
2016,7,8,140,147,217,280,85,beierle_7x7_alpha_85
2016,7,8,140,161,217,294,86,beierle_7x7_alpha_86
2016,7,8,161,203,231,315,87,beierle_7x7_alpha_87
2016,7,8,182,266,231,329,89,beierle_7x7_alpha_89
2016,7,8,154,224,231,301,90,beierle_7x7_alpha_90
2016,7,8,175,168,231,329,91,beierle_7x7_alpha_91
2016,7,8,126,189,189,266,92,beierle_7x7_alpha_92
2016,7,8,133,196,217,336,93,beierle_7x7_alpha_93
2016,7,8,161,182,217,266,94,beierle_7x7_alpha_94
2016,7,8,168,133,231,231,95,beierle_7x7_alpha_95
2016,7,8,112,210,217,308,96,beierle_7x7_alpha_96
2016,7,8,133,245,231,315,97,beierle_7x7_alpha_97
2016,7,8,154,217,231,315,99,beierle_7x7_alpha_99
2016,7,8,147,140,203,315,100,beierle_7x7_alpha_100
2016,7,8,154,224,231,343,101,beierle_7x7_alpha_101
2016,7,8,112,196,175,315,102,beierle_7x7_alpha_102
2016,7,8,126,217,217,336,105,beierle_7x7_alpha_105
2016,7,8,217,182,217,280,107,beierle_7x7_alpha_107
2016,7,8,154,175,217,336,108,beierle_7x7_alpha_108
2016,7,8,189,175,231,301,109,beierle_7x7_alpha_109
2016,7,8,147,161,203,329,110,beierle_7x7_alpha_110
2016,7,8,196,182,217,266,111,beierle_7x7_alpha_111
2016,7,8,112,182,203,231,112,beierle_7x7_alpha_112
2016,7,8,126,147,231,301,115,beierle_7x7_alpha_115
2016,7,8,182,182,231,329,117,beierle_7x7_alpha_117
2016,7,8,189,210,231,343,119,beierle_7x7_alpha_119
2016,7,8,168,231,231,301,121,beierle_7x7_alpha_121
2016,7,8,203,161,203,301,123,beierle_7x7_alpha_123
2016,7,8,203,266,231,301,125,beierle_7x7_alpha_125
2016,7,8,189,210,231,245,126,beierle_7x7_alpha_126
2016,7,8,224,217,231,315,127,beierle_7x7_alpha_127
2016,7,8,84,168,210,308,128,beierle_7x7_alpha_128
2016,7,8,77,175,224,259,129,beierle_7x7_alpha_129
2016,7,8,119,175,210,336,130,beierle_7x7_alpha_130
2016,7,8,112,210,210,280,131,beierle_7x7_alpha_131
2016,7,8,119,182,203,287,132,beierle_7x7_alpha_132
2016,7,8,112,133,203,175,133,beierle_7x7_alpha_133
2016,7,8,140,182,210,273,134,beierle_7x7_alpha_134
2016,7,8,147,182,196,336,135,beierle_7x7_alpha_135
2016,7,8,105,168,238,287,136,beierle_7x7_alpha_136
2016,7,8,126,210,224,322,138,beierle_7x7_alpha_138
2016,7,8,133,154,210,245,139,beierle_7x7_alpha_139
2016,7,8,140,196,238,301,140,beierle_7x7_alpha_140
2016,7,8,147,140,238,245,141,beierle_7x7_alpha_141
2016,7,8,105,126,168,280,142,beierle_7x7_alpha_142
2016,7,8,154,175,238,343,143,beierle_7x7_alpha_143
2016,7,8,133,245,217,343,145,beierle_7x7_alpha_145
2016,7,8,133,189,210,308,148,beierle_7x7_alpha_148
2016,7,8,140,154,196,203,149,beierle_7x7_alpha_149
2016,7,8,140,189,210,266,150,beierle_7x7_alpha_150
2016,7,8,161,175,196,294,155,beierle_7x7_alpha_155
2016,7,8,168,140,210,231,156,beierle_7x7_alpha_156
2016,7,8,147,147,224,210,157,beierle_7x7_alpha_157
2016,7,8,175,252,238,301,158,beierle_7x7_alpha_158
2016,7,8,182,217,224,252,159,beierle_7x7_alpha_159
2016,7,8,133,203,196,294,161,beierle_7x7_alpha_161
2016,7,8,147,210,224,308,162,beierle_7x7_alpha_162
2016,7,8,161,182,224,308,164,beierle_7x7_alpha_164
2016,7,8,168,210,238,329,166,beierle_7x7_alpha_166
2016,7,8,119,252,231,343,168,beierle_7x7_alpha_168
2016,7,8,126,224,203,301,169,beierle_7x7_alpha_169
2016,7,8,147,147,203,189,171,beierle_7x7_alpha_171
2016,7,8,119,224,217,308,173,beierle_7x7_alpha_173
2016,7,8,161,189,203,315,174,beierle_7x7_alpha_174
2016,7,8,196,203,217,294,175,beierle_7x7_alpha_175
2016,7,8,189,217,238,301,177,beierle_7x7_alpha_177
2016,7,8,203,196,238,301,178,beierle_7x7_alpha_178
2016,7,8,210,273,238,343,179,beierle_7x7_alpha_179
2016,7,8,182,210,238,301,181,beierle_7x7_alpha_181
2016,7,8,182,196,210,315,182,beierle_7x7_alpha_182
2016,7,8,175,182,210,301,183,beierle_7x7_alpha_183
2016,7,8,175,175,231,273,184,beierle_7x7_alpha_184
2016,7,8,168,203,231,301,185,beierle_7x7_alpha_185
2016,7,8,189,245,231,329,187,beierle_7x7_alpha_187
2016,7,8,168,210,189,294,188,beierle_7x7_alpha_188
2016,7,8,210,154,217,238,191,beierle_7x7_alpha_191
2016,7,8,140,182,245,329,193,beierle_7x7_alpha_193
2016,7,8,154,182,231,294,194,beierle_7x7_alpha_194
2016,7,8,161,231,231,308,195,beierle_7x7_alpha_195
2016,7,8,126,196,245,329,196,beierle_7x7_alpha_196
2016,7,8,161,147,217,217,197,beierle_7x7_alpha_197
2016,7,8,168,175,231,280,199,beierle_7x7_alpha_199
2016,7,8,154,224,245,315,200,beierle_7x7_alpha_200
2016,7,8,147,196,245,343,201,beierle_7x7_alpha_201
2016,7,8,154,154,245,273,203,beierle_7x7_alpha_203
2016,7,8,105,182,161,273,204,beierle_7x7_alpha_204
2016,7,8,196,133,245,301,205,beierle_7x7_alpha_205
2016,7,8,154,189,217,329,206,beierle_7x7_alpha_206
2016,7,8,175,161,217,259,207,beierle_7x7_alpha_207
2016,7,8,133,147,217,315,208,beierle_7x7_alpha_208
2016,7,8,140,217,245,343,209,beierle_7x7_alpha_209
2016,7,8,168,168,245,273,210,beierle_7x7_alpha_210
2016,7,8,147,154,245,315,213,beierle_7x7_alpha_213
2016,7,8,140,175,203,252,216,beierle_7x7_alpha_216
2016,7,8,133,224,245,329,217,beierle_7x7_alpha_217
2016,7,8,147,210,245,315,218,beierle_7x7_alpha_218
2016,7,8,168,175,245,301,219,beierle_7x7_alpha_219
2016,7,8,189,189,189,301,223,beierle_7x7_alpha_223
2016,7,8,154,147,217,231,225,beierle_7x7_alpha_225
2016,7,8,182,245,245,329,226,beierle_7x7_alpha_226
2016,7,8,203,217,245,329,227,beierle_7x7_alpha_227
2016,7,8,203,217,231,294,229,beierle_7x7_alpha_229
2016,7,8,210,140,245,343,231,beierle_7x7_alpha_231
2016,7,8,182,217,245,301,232,beierle_7x7_alpha_232
2016,7,8,175,175,245,287,233,beierle_7x7_alpha_233
2016,7,8,175,161,245,343,234,beierle_7x7_alpha_234
2016,7,8,196,175,231,266,235,beierle_7x7_alpha_235
2016,7,8,175,147,245,287,236,beierle_7x7_alpha_236
2016,7,8,210,182,231,266,237,beierle_7x7_alpha_237
2016,7,8,224,231,231,294,238,beierle_7x7_alpha_238
2016,7,8,259,182,245,329,239,beierle_7x7_alpha_239
2016,7,8,189,189,245,287,240,beierle_7x7_alpha_240
2016,7,8,210,238,245,273,241,beierle_7x7_alpha_241
2016,7,8,182,168,231,322,242,beierle_7x7_alpha_242
2016,7,8,203,189,245,259,243,beierle_7x7_alpha_243
2016,7,8,161,140,231,294,245,beierle_7x7_alpha_245
2016,7,8,210,245,245,287,247,beierle_7x7_alpha_247
2016,7,8,182,175,245,315,248,beierle_7x7_alpha_248
2016,7,8,203,168,245,217,250,beierle_7x7_alpha_250
2016,7,8,210,182,245,315,251,beierle_7x7_alpha_251
2016,7,8,203,224,245,315,252,beierle_7x7_alpha_252
2016,7,8,196,217,245,273,254,beierle_7x7_alpha_254
2016,7,8,217,238,245,343,255,beierle_7x7_alpha_255
2016,8,8,184,216,248,336,30,beierle_8x8_alpha_30
2016,8,8,216,240,312,416,67,beierle_8x8_alpha_67
2016,8,8,128,248,296,384,73,beierle_8x8_alpha_73
2016,8,8,216,248,264,376,90,beierle_8x8_alpha_90
2016,8,8,168,264,304,408,140,beierle_8x8_alpha_140
2016,8,8,200,208,288,296,148,beierle_8x8_alpha_148
2016,8,8,208,288,336,432,158,beierle_8x8_alpha_158
2016,8,8,208,272,320,440,200,beierle_8x8_alpha_200